"path";"PDF";"original";"extracted";"PublicationType";"Title";"Abstract";"Abstract (german)";"Keywords";"Authors";"Emails";"Author-Emails";"Affiliations";"Author-Affiliations";"Source";"Volume";"Issue";"Page from";"Page to";"Year";"Doi";"Sections";"Section-Levels";"Section-References";"References";"Precision";"Recall";"F1"
"TUW-137078";"=HYPERLINK(""D:\Java\git\MethodDemosGit-0.5.6\MethodDemos\output\groundtruth\TUW-137078.pdf"")";"=HYPERLINK(""D:\Java\git\MethodDemosGit-0.5.6\MethodDemos\output\result\result-TUW-137078-xstream.xml"")";"=HYPERLINK(""D:\Java\git\MethodDemosGit-0.5.6\MethodDemos\output\extracted\parscit\parscit-TUW-137078-xstream.xml"")";"Beiträge in Tagungsbänden";"100,00";"0,00";"NA";"0,00";"0,00";"0,00";"0,00";"0,00";"0,00";"NA";"NA";"NA";"NA";"NA";"NA";"NA";"83,33";"NA";"0,00";"80,00";"67,86";"24,24";"23,94"
"TUW-138011";"=HYPERLINK(""D:\Java\git\MethodDemosGit-0.5.6\MethodDemos\output\groundtruth\TUW-138011.pdf"")";"=HYPERLINK(""D:\Java\git\MethodDemosGit-0.5.6\MethodDemos\output\result\result-TUW-138011-xstream.xml"")";"=HYPERLINK(""D:\Java\git\MethodDemosGit-0.5.6\MethodDemos\output\extracted\parscit\parscit-TUW-138011-xstream.xml"")";"Beiträge in Tagungsbänden";"100,00";"0,00";"NA";"NA";"0,00";"0,00";"0,00";"0,00";"0,00";"NA";"NA";"NA";"NA";"NA";"NA";"NA";"90,91";"0,00";"0,00";"100,00";"70,83";"27,27";"26,45"
"TUW-138447";"=HYPERLINK(""D:\Java\git\MethodDemosGit-0.5.6\MethodDemos\output\groundtruth\TUW-138447.pdf"")";"=HYPERLINK(""D:\Java\git\MethodDemosGit-0.5.6\MethodDemos\output\result\result-TUW-138447-xstream.xml"")";"=HYPERLINK(""D:\Java\git\MethodDemosGit-0.5.6\MethodDemos\output\extracted\parscit\parscit-TUW-138447-xstream.xml"")";"Zeitschriftenartikel";"0,00";"0,00";"NA";"0,00";"80,00";"NA";"NA";"0,00";"0,00";"NA";"NA";"NA";"NA";"NA";"NA";"NA";"51,85";"0,00";"0,00";"84,21";"77,78";"21,89";"21,61"
"TUW-138544";"=HYPERLINK(""D:\Java\git\MethodDemosGit-0.5.6\MethodDemos\output\groundtruth\TUW-138544.pdf"")";"=HYPERLINK(""D:\Java\git\MethodDemosGit-0.5.6\MethodDemos\output\result\result-TUW-138544-xstream.xml"")";"=HYPERLINK(""D:\Java\git\MethodDemosGit-0.5.6\MethodDemos\output\extracted\parscit\parscit-TUW-138544-xstream.xml"")";"Beiträge in Tagungsbänden";"100,00";"0,00";"NA";"NA";"66,67";"0,00";"0,00";"0,00";"0,00";"NA";"NA";"NA";"NA";"NA";"NA";"NA";"45,45";"0,00";"0,00";"72,73";"78,13";"26,62";"25,90"
"TUW-138547";"=HYPERLINK(""D:\Java\git\MethodDemosGit-0.5.6\MethodDemos\output\groundtruth\TUW-138547.pdf"")";"=HYPERLINK(""D:\Java\git\MethodDemosGit-0.5.6\MethodDemos\output\result\result-TUW-138547-xstream.xml"")";"=HYPERLINK(""D:\Java\git\MethodDemosGit-0.5.6\MethodDemos\output\extracted\parscit\parscit-TUW-138547-xstream.xml"")";"Beiträge in Tagungsbänden";"100,00";"0,00";"NA";"NA";"66,67";"0,00";"0,00";"0,00";"0,00";"NA";"NA";"NA";"NA";"NA";"NA";"NA";"54,55";"0,00";"0,00";"76,92";"77,08";"28,57";"27,10"
"TUW-139299";"=HYPERLINK(""D:\Java\git\MethodDemosGit-0.5.6\MethodDemos\output\groundtruth\TUW-139299.pdf"")";"=HYPERLINK(""D:\Java\git\MethodDemosGit-0.5.6\MethodDemos\output\result\result-TUW-139299-xstream.xml"")";"=HYPERLINK(""D:\Java\git\MethodDemosGit-0.5.6\MethodDemos\output\extracted\parscit\parscit-TUW-139299-xstream.xml"")";"Zeitschriftenartikel";"100,00";"0,00";"NA";"NA";"0,00";"NA";"NA";"NA";"NA";"NA";"NA";"NA";"NA";"NA";"0,00";"NA";"85,71";"0,00";"0,00";"95,24";"68,75";"36,36";"35,12"
"TUW-139761";"=HYPERLINK(""D:\Java\git\MethodDemosGit-0.5.6\MethodDemos\output\groundtruth\TUW-139761.pdf"")";"=HYPERLINK(""D:\Java\git\MethodDemosGit-0.5.6\MethodDemos\output\result\result-TUW-139761-xstream.xml"")";"=HYPERLINK(""D:\Java\git\MethodDemosGit-0.5.6\MethodDemos\output\extracted\parscit\parscit-TUW-139761-xstream.xml"")";"Diplom- oder Masterarbeiten";"0,00";"0,00";"0,00";"NA";"50,00";"NA";"NA";"0,00";"0,00";"NA";"NA";"NA";"NA";"NA";"NA";"NA";"7,50";"0,00";"0,00";"97,06";"39,42";"20,14";"15,46"
"TUW-139769";"=HYPERLINK(""D:\Java\git\MethodDemosGit-0.5.6\MethodDemos\output\groundtruth\TUW-139769.pdf"")";"=HYPERLINK(""D:\Java\git\MethodDemosGit-0.5.6\MethodDemos\output\result\result-TUW-139769-xstream.xml"")";"=HYPERLINK(""D:\Java\git\MethodDemosGit-0.5.6\MethodDemos\output\extracted\parscit\parscit-TUW-139769-xstream.xml"")";"Diplom- oder Masterarbeiten";"0,00";"0,00";"0,00";"NA";"50,00";"NA";"NA";"0,00";"0,00";"NA";"NA";"NA";"NA";"NA";"NA";"NA";"1,43";"0,00";"0,00";"95,12";"33,84";"19,37";"14,65"
"TUW-139781";"=HYPERLINK(""D:\Java\git\MethodDemosGit-0.5.6\MethodDemos\output\groundtruth\TUW-139781.pdf"")";"=HYPERLINK(""D:\Java\git\MethodDemosGit-0.5.6\MethodDemos\output\result\result-TUW-139781-xstream.xml"")";"=HYPERLINK(""D:\Java\git\MethodDemosGit-0.5.6\MethodDemos\output\extracted\parscit\parscit-TUW-139781-xstream.xml"")";"Beiträge in Tagungsbänden";"100,00";"NA";"NA";"NA";"0,00";"NA";"NA";"0,00";"0,00";"0,00";"NA";"NA";"NA";"NA";"0,00";"NA";"93,33";"0,00";"0,00";"100,00";"71,88";"30,00";"29,33"
"TUW-139785";"=HYPERLINK(""D:\Java\git\MethodDemosGit-0.5.6\MethodDemos\output\groundtruth\TUW-139785.pdf"")";"=HYPERLINK(""D:\Java\git\MethodDemosGit-0.5.6\MethodDemos\output\result\result-TUW-139785-xstream.xml"")";"=HYPERLINK(""D:\Java\git\MethodDemosGit-0.5.6\MethodDemos\output\extracted\parscit\parscit-TUW-139785-xstream.xml"")";"Diplom- oder Masterarbeiten";"0,00";"0,00";"0,00";"NA";"100,00";"NA";"NA";"0,00";"0,00";"NA";"NA";"NA";"NA";"NA";"NA";"NA";"5,41";"0,00";"0,00";"95,56";"61,39";"19,84";"20,10"
"TUW-140047";"=HYPERLINK(""D:\Java\git\MethodDemosGit-0.5.6\MethodDemos\output\groundtruth\TUW-140047.pdf"")";"=HYPERLINK(""D:\Java\git\MethodDemosGit-0.5.6\MethodDemos\output\result\result-TUW-140047-xstream.xml"")";"=HYPERLINK(""D:\Java\git\MethodDemosGit-0.5.6\MethodDemos\output\extracted\parscit\parscit-TUW-140047-xstream.xml"")";"Beiträge in Tagungsbänden";"100,00";"0,00";"NA";"NA";"0,00";"NA";"NA";"0,00";"0,00";"NA";"NA";"NA";"NA";"NA";"NA";"NA";"48,00";"0,00";"0,00";"100,00";"68,75";"26,14";"27,56"
"TUW-140048";"=HYPERLINK(""D:\Java\git\MethodDemosGit-0.5.6\MethodDemos\output\groundtruth\TUW-140048.pdf"")";"=HYPERLINK(""D:\Java\git\MethodDemosGit-0.5.6\MethodDemos\output\result\result-TUW-140048-xstream.xml"")";"=HYPERLINK(""D:\Java\git\MethodDemosGit-0.5.6\MethodDemos\output\extracted\parscit\parscit-TUW-140048-xstream.xml"")";"Beiträge in Tagungsbänden";"0,00";"0,00";"NA";"NA";"0,00";"0,00";"0,00";"0,00";"0,00";"NA";"NA";"NA";"NA";"NA";"NA";"NA";"54,55";"0,00";"0,00";"92,31";"44,51";"12,03";"13,35"
"TUW-140229";"=HYPERLINK(""D:\Java\git\MethodDemosGit-0.5.6\MethodDemos\output\groundtruth\TUW-140229.pdf"")";"=HYPERLINK(""D:\Java\git\MethodDemosGit-0.5.6\MethodDemos\output\result\result-TUW-140229-xstream.xml"")";"=HYPERLINK(""D:\Java\git\MethodDemosGit-0.5.6\MethodDemos\output\extracted\parscit\parscit-TUW-140229-xstream.xml"")";"Beiträge in Tagungsbänden";"100,00";"0,00";"NA";"NA";"50,00";"0,00";"0,00";"0,00";"0,00";"NA";"NA";"NA";"NA";"NA";"NA";"NA";"66,67";"0,00";"0,00";"94,74";"79,17";"27,88";"28,31"
"TUW-140253";"=HYPERLINK(""D:\Java\git\MethodDemosGit-0.5.6\MethodDemos\output\groundtruth\TUW-140253.pdf"")";"=HYPERLINK(""D:\Java\git\MethodDemosGit-0.5.6\MethodDemos\output\result\result-TUW-140253-xstream.xml"")";"=HYPERLINK(""D:\Java\git\MethodDemosGit-0.5.6\MethodDemos\output\extracted\parscit\parscit-TUW-140253-xstream.xml"")";"Beiträge in Tagungsbänden";"100,00";"0,00";"NA";"0,00";"66,67";"0,00";"0,00";"0,00";"0,00";"NA";"NA";"NA";"NA";"NA";"NA";"NA";"93,33";"0,00";"0,00";"100,00";"84,38";"33,33";"30,00"
"TUW-140308";"=HYPERLINK(""D:\Java\git\MethodDemosGit-0.5.6\MethodDemos\output\groundtruth\TUW-140308.pdf"")";"=HYPERLINK(""D:\Java\git\MethodDemosGit-0.5.6\MethodDemos\output\result\result-TUW-140308-xstream.xml"")";"=HYPERLINK(""D:\Java\git\MethodDemosGit-0.5.6\MethodDemos\output\extracted\parscit\parscit-TUW-140308-xstream.xml"")";"Zeitschriftenartikel";"100,00";"0,00";"NA";"NA";"66,67";"0,00";"0,00";"0,00";"0,00";"0,00";"NA";"NA";"0,00";"0,00";"0,00";"NA";"60,00";"0,00";"0,00";"85,71";"83,93";"21,41";"20,83"
"TUW-140533";"=HYPERLINK(""D:\Java\git\MethodDemosGit-0.5.6\MethodDemos\output\groundtruth\TUW-140533.pdf"")";"=HYPERLINK(""D:\Java\git\MethodDemosGit-0.5.6\MethodDemos\output\result\result-TUW-140533-xstream.xml"")";"=HYPERLINK(""D:\Java\git\MethodDemosGit-0.5.6\MethodDemos\output\extracted\parscit\parscit-TUW-140533-xstream.xml"")";"Diplom- oder Masterarbeiten";"0,00";"0,00";"0,00";"NA";"0,00";"NA";"NA";"0,00";"0,00";"NA";"NA";"NA";"NA";"NA";"0,00";"NA";"12,67";"0,00";"0,00";"92,31";"40,38";"9,03";"9,54"
"TUW-140867";"=HYPERLINK(""D:\Java\git\MethodDemosGit-0.5.6\MethodDemos\output\groundtruth\TUW-140867.pdf"")";"=HYPERLINK(""D:\Java\git\MethodDemosGit-0.5.6\MethodDemos\output\result\result-TUW-140867-xstream.xml"")";"=HYPERLINK(""D:\Java\git\MethodDemosGit-0.5.6\MethodDemos\output\extracted\parscit\parscit-TUW-140867-xstream.xml"")";"Beiträge in Tagungsbänden";"100,00";"0,00";"NA";"0,00";"0,00";"NA";"NA";"0,00";"0,00";"0,00";"NA";"NA";"NA";"NA";"0,00";"NA";"46,15";"0,00";"0,00";"94,12";"62,50";"19,31";"20,02"
"TUW-140895";"=HYPERLINK(""D:\Java\git\MethodDemosGit-0.5.6\MethodDemos\output\groundtruth\TUW-140895.pdf"")";"=HYPERLINK(""D:\Java\git\MethodDemosGit-0.5.6\MethodDemos\output\result\result-TUW-140895-xstream.xml"")";"=HYPERLINK(""D:\Java\git\MethodDemosGit-0.5.6\MethodDemos\output\extracted\parscit\parscit-TUW-140895-xstream.xml"")";"Diplom- oder Masterarbeiten";"100,00";"0,00";"0,00";"NA";"0,00";"NA";"NA";"0,00";"0,00";"NA";"NA";"NA";"NA";"NA";"0,00";"NA";"37,21";"0,00";"0,00";"94,12";"76,77";"21,23";"21,03"
"TUW-140983";"=HYPERLINK(""D:\Java\git\MethodDemosGit-0.5.6\MethodDemos\output\groundtruth\TUW-140983.pdf"")";"=HYPERLINK(""D:\Java\git\MethodDemosGit-0.5.6\MethodDemos\output\result\result-TUW-140983-xstream.xml"")";"=HYPERLINK(""D:\Java\git\MethodDemosGit-0.5.6\MethodDemos\output\extracted\parscit\parscit-TUW-140983-xstream.xml"")";"Beiträge in Tagungsbänden";"100,00";"0,00";"NA";"0,00";"0,00";"0,00";"0,00";"0,00";"0,00";"0,00";"NA";"NA";"NA";"NA";"NA";"NA";"72,73";"0,00";"0,00";"85,71";"64,29";"21,15";"19,88"
"TUW-141024";"=HYPERLINK(""D:\Java\git\MethodDemosGit-0.5.6\MethodDemos\output\groundtruth\TUW-141024.pdf"")";"=HYPERLINK(""D:\Java\git\MethodDemosGit-0.5.6\MethodDemos\output\result\result-TUW-141024-xstream.xml"")";"=HYPERLINK(""D:\Java\git\MethodDemosGit-0.5.6\MethodDemos\output\extracted\parscit\parscit-TUW-141024-xstream.xml"")";"Beiträge in Tagungsbänden";"100,00";"0,00";"NA";"NA";"0,00";"NA";"NA";"0,00";"0,00";"NA";"NA";"NA";"NA";"NA";"NA";"NA";"70,59";"0,00";"0,00";"95,24";"66,67";"29,55";"29,54"
"TUW-141065";"=HYPERLINK(""D:\Java\git\MethodDemosGit-0.5.6\MethodDemos\output\groundtruth\TUW-141065.pdf"")";"=HYPERLINK(""D:\Java\git\MethodDemosGit-0.5.6\MethodDemos\output\result\result-TUW-141065-xstream.xml"")";"=HYPERLINK(""D:\Java\git\MethodDemosGit-0.5.6\MethodDemos\output\extracted\parscit\parscit-TUW-141065-xstream.xml"")";"Beiträge in Tagungsbänden";"100,00";"0,00";"NA";"NA";"0,00";"0,00";"0,00";"0,00";"0,00";"NA";"NA";"NA";"NA";"NA";"NA";"NA";"70,00";"0,00";"0,00";"96,30";"71,88";"22,84";"24,21"
"TUW-141121";"=HYPERLINK(""D:\Java\git\MethodDemosGit-0.5.6\MethodDemos\output\groundtruth\TUW-141121.pdf"")";"=HYPERLINK(""D:\Java\git\MethodDemosGit-0.5.6\MethodDemos\output\result\result-TUW-141121-xstream.xml"")";"=HYPERLINK(""D:\Java\git\MethodDemosGit-0.5.6\MethodDemos\output\extracted\parscit\parscit-TUW-141121-xstream.xml"")";"Beiträge in Tagungsbänden";"100,00";"0,00";"NA";"NA";"40,00";"0,00";"0,00";"0,00";"0,00";"NA";"NA";"NA";"NA";"NA";"NA";"NA";"66,67";"0,00";"0,00";"100,00";"78,33";"27,92";"27,88"
"TUW-141140";"=HYPERLINK(""D:\Java\git\MethodDemosGit-0.5.6\MethodDemos\output\groundtruth\TUW-141140.pdf"")";"=HYPERLINK(""D:\Java\git\MethodDemosGit-0.5.6\MethodDemos\output\result\result-TUW-141140-xstream.xml"")";"=HYPERLINK(""D:\Java\git\MethodDemosGit-0.5.6\MethodDemos\output\extracted\parscit\parscit-TUW-141140-xstream.xml"")";"Beiträge in Tagungsbänden";"100,00";"0,00";"NA";"NA";"0,00";"NA";"NA";"0,00";"0,00";"NA";"NA";"NA";"NA";"NA";"NA";"NA";"58,82";"0,00";"0,00";"93,33";"70,83";"25,88";"28,02"
"TUW-141336";"=HYPERLINK(""D:\Java\git\MethodDemosGit-0.5.6\MethodDemos\output\groundtruth\TUW-141336.pdf"")";"=HYPERLINK(""D:\Java\git\MethodDemosGit-0.5.6\MethodDemos\output\result\result-TUW-141336-xstream.xml"")";"=HYPERLINK(""D:\Java\git\MethodDemosGit-0.5.6\MethodDemos\output\extracted\parscit\parscit-TUW-141336-xstream.xml"")";"Zeitschriftenartikel";"100,00";"0,00";"NA";"NA";"0,00";"0,00";"0,00";"0,00";"0,00";"0,00";"0,00";"NA";"0,00";"0,00";"0,00";"NA";"54,55";"0,00";"0,00";"92,86";"63,21";"15,18";"15,46"
"TUW-141618";"=HYPERLINK(""D:\Java\git\MethodDemosGit-0.5.6\MethodDemos\output\groundtruth\TUW-141618.pdf"")";"=HYPERLINK(""D:\Java\git\MethodDemosGit-0.5.6\MethodDemos\output\result\result-TUW-141618-xstream.xml"")";"=HYPERLINK(""D:\Java\git\MethodDemosGit-0.5.6\MethodDemos\output\extracted\parscit\parscit-TUW-141618-xstream.xml"")";"Buchbeiträge";"100,00";"0,00";"NA";"NA";"0,00";"NA";"NA";"0,00";"0,00";"NA";"NA";"NA";"NA";"NA";"NA";"NA";"83,33";"0,00";"0,00";"98,63";"67,86";"33,03";"31,33"
"TUW-141758";"=HYPERLINK(""D:\Java\git\MethodDemosGit-0.5.6\MethodDemos\output\groundtruth\TUW-141758.pdf"")";"=HYPERLINK(""D:\Java\git\MethodDemosGit-0.5.6\MethodDemos\output\result\result-TUW-141758-xstream.xml"")";"=HYPERLINK(""D:\Java\git\MethodDemosGit-0.5.6\MethodDemos\output\extracted\parscit\parscit-TUW-141758-xstream.xml"")";"Diplom- oder Masterarbeiten";"0,00";"0,00";"0,00";"NA";"0,00";"NA";"NA";"0,00";"0,00";"NA";"NA";"NA";"NA";"NA";"0,00";"NA";"25,97";"0,00";"0,00";"85,39";"39,38";"8,54";"10,12"
"TUW-168222";"=HYPERLINK(""D:\Java\git\MethodDemosGit-0.5.6\MethodDemos\output\groundtruth\TUW-168222.pdf"")";"=HYPERLINK(""D:\Java\git\MethodDemosGit-0.5.6\MethodDemos\output\result\result-TUW-168222-xstream.xml"")";"=HYPERLINK(""D:\Java\git\MethodDemosGit-0.5.6\MethodDemos\output\extracted\parscit\parscit-TUW-168222-xstream.xml"")";"Beiträge in Tagungsbänden";"100,00";"0,00";"NA";"NA";"66,67";"0,00";"0,00";"0,00";"0,00";"NA";"NA";"NA";"NA";"NA";"NA";"NA";"44,44";"0,00";"0,00";"100,00";"72,50";"31,82";"28,28"
"TUW-168482";"=HYPERLINK(""D:\Java\git\MethodDemosGit-0.5.6\MethodDemos\output\groundtruth\TUW-168482.pdf"")";"=HYPERLINK(""D:\Java\git\MethodDemosGit-0.5.6\MethodDemos\output\result\result-TUW-168482-xstream.xml"")";"=HYPERLINK(""D:\Java\git\MethodDemosGit-0.5.6\MethodDemos\output\extracted\parscit\parscit-TUW-168482-xstream.xml"")";"Diplom- oder Masterarbeiten";"0,00";"0,00";"0,00";"NA";"22,22";"NA";"NA";"0,00";"0,00";"NA";"NA";"NA";"NA";"NA";"0,00";"NA";"13,33";"0,00";"0,00";"98,11";"36,26";"14,07";"12,15"
"TUW-169511";"=HYPERLINK(""D:\Java\git\MethodDemosGit-0.5.6\MethodDemos\output\groundtruth\TUW-169511.pdf"")";"=HYPERLINK(""D:\Java\git\MethodDemosGit-0.5.6\MethodDemos\output\result\result-TUW-169511-xstream.xml"")";"=HYPERLINK(""D:\Java\git\MethodDemosGit-0.5.6\MethodDemos\output\extracted\parscit\parscit-TUW-169511-xstream.xml"")";"Beiträge in Tagungsbänden";"100,00";"NA";"NA";"NA";"0,00";"0,00";"0,00";"0,00";"0,00";"NA";"NA";"NA";"NA";"NA";"NA";"NA";"80,00";"0,00";"0,00";"100,00";"70,00";"28,00";"28,00"
"TUW-172697";"=HYPERLINK(""D:\Java\git\MethodDemosGit-0.5.6\MethodDemos\output\groundtruth\TUW-172697.pdf"")";"=HYPERLINK(""D:\Java\git\MethodDemosGit-0.5.6\MethodDemos\output\result\result-TUW-172697-xstream.xml"")";"=HYPERLINK(""D:\Java\git\MethodDemosGit-0.5.6\MethodDemos\output\extracted\parscit\parscit-TUW-172697-xstream.xml"")";"Beiträge in Tagungsbänden";"0,00";"0,00";"NA";"0,00";"54,55";"NA";"NA";"0,00";"0,00";"0,00";"NA";"NA";"NA";"NA";"0,00";"NA";"33,33";"NA";"0,00";"100,00";"46,25";"18,18";"17,08"
"TUW-174216";"=HYPERLINK(""D:\Java\git\MethodDemosGit-0.5.6\MethodDemos\output\groundtruth\TUW-174216.pdf"")";"=HYPERLINK(""D:\Java\git\MethodDemosGit-0.5.6\MethodDemos\output\result\result-TUW-174216-xstream.xml"")";"=HYPERLINK(""D:\Java\git\MethodDemosGit-0.5.6\MethodDemos\output\extracted\parscit\parscit-TUW-174216-xstream.xml"")";"Zeitschriftenartikel";"0,00";"0,00";"NA";"0,00";"22,22";"NA";"NA";"0,00";"0,00";"0,00";"0,00";"0,00";"0,00";"0,00";"0,00";"NA";"62,50";"0,00";"0,00";"96,30";"52,08";"10,18";"11,31"
"TUW-175428";"=HYPERLINK(""D:\Java\git\MethodDemosGit-0.5.6\MethodDemos\output\groundtruth\TUW-175428.pdf"")";"=HYPERLINK(""D:\Java\git\MethodDemosGit-0.5.6\MethodDemos\output\result\result-TUW-175428-xstream.xml"")";"=HYPERLINK(""D:\Java\git\MethodDemosGit-0.5.6\MethodDemos\output\extracted\parscit\parscit-TUW-175428-xstream.xml"")";"Diplom- oder Masterarbeiten";"0,00";"0,00";"0,00";"NA";"28,57";"NA";"NA";"0,00";"0,00";"NA";"NA";"NA";"NA";"NA";"0,00";"NA";"21,92";"0,00";"0,00";"100,00";"35,83";"19,87";"13,68"
"TUW-176087";"=HYPERLINK(""D:\Java\git\MethodDemosGit-0.5.6\MethodDemos\output\groundtruth\TUW-176087.pdf"")";"=HYPERLINK(""D:\Java\git\MethodDemosGit-0.5.6\MethodDemos\output\result\result-TUW-176087-xstream.xml"")";"=HYPERLINK(""D:\Java\git\MethodDemosGit-0.5.6\MethodDemos\output\extracted\parscit\parscit-TUW-176087-xstream.xml"")";"Buchbeiträge";"100,00";"0,00";"NA";"0,00";"0,00";"0,00";"0,00";"0,00";"0,00";"NA";"NA";"NA";"NA";"NA";"NA";"NA";"80,00";"0,00";"0,00";"96,55";"71,43";"22,36";"23,05"
"TUW-177140";"=HYPERLINK(""D:\Java\git\MethodDemosGit-0.5.6\MethodDemos\output\groundtruth\TUW-177140.pdf"")";"=HYPERLINK(""D:\Java\git\MethodDemosGit-0.5.6\MethodDemos\output\result\result-TUW-177140-xstream.xml"")";"=HYPERLINK(""D:\Java\git\MethodDemosGit-0.5.6\MethodDemos\output\extracted\parscit\parscit-TUW-177140-xstream.xml"")";"Beiträge in Tagungsbänden";"0,00";"0,00";"NA";"NA";"0,00";"0,00";"0,00";"0,00";"0,00";"NA";"NA";"NA";"NA";"NA";"NA";"NA";"72,73";"0,00";"0,00";"100,00";"41,67";"16,36";"15,70"
"TUW-179146";"=HYPERLINK(""D:\Java\git\MethodDemosGit-0.5.6\MethodDemos\output\groundtruth\TUW-179146.pdf"")";"=HYPERLINK(""D:\Java\git\MethodDemosGit-0.5.6\MethodDemos\output\result\result-TUW-179146-xstream.xml"")";"=HYPERLINK(""D:\Java\git\MethodDemosGit-0.5.6\MethodDemos\output\extracted\parscit\parscit-TUW-179146-xstream.xml"")";"Beiträge in Tagungsbänden";"100,00";"0,00";"NA";"NA";"20,00";"NA";"NA";"0,00";"0,00";"NA";"NA";"NA";"NA";"NA";"0,00";"NA";"71,43";"0,00";"0,00";"100,00";"74,11";"28,81";"29,14"
"TUW-180162";"=HYPERLINK(""D:\Java\git\MethodDemosGit-0.5.6\MethodDemos\output\groundtruth\TUW-180162.pdf"")";"=HYPERLINK(""D:\Java\git\MethodDemosGit-0.5.6\MethodDemos\output\result\result-TUW-180162-xstream.xml"")";"=HYPERLINK(""D:\Java\git\MethodDemosGit-0.5.6\MethodDemos\output\extracted\parscit\parscit-TUW-180162-xstream.xml"")";"Beiträge in Tagungsbänden";"100,00";"0,00";"NA";"NA";"0,00";"0,00";"0,00";"0,00";"0,00";"NA";"NA";"NA";"NA";"NA";"NA";"NA";"59,26";"0,00";"0,00";"90,00";"70,00";"20,81";"22,66"
"TUW-181199";"=HYPERLINK(""D:\Java\git\MethodDemosGit-0.5.6\MethodDemos\output\groundtruth\TUW-181199.pdf"")";"=HYPERLINK(""D:\Java\git\MethodDemosGit-0.5.6\MethodDemos\output\result\result-TUW-181199-xstream.xml"")";"=HYPERLINK(""D:\Java\git\MethodDemosGit-0.5.6\MethodDemos\output\extracted\parscit\parscit-TUW-181199-xstream.xml"")";"Beiträge in Tagungsbänden";"0,00";"0,00";"NA";"NA";"0,00";"0,00";"0,00";"0,00";"0,00";"NA";"NA";"NA";"NA";"NA";"NA";"NA";"72,73";"0,00";"0,00";"100,00";"45,00";"15,15";"15,70"
"TUW-182414";"=HYPERLINK(""D:\Java\git\MethodDemosGit-0.5.6\MethodDemos\output\groundtruth\TUW-182414.pdf"")";"=HYPERLINK(""D:\Java\git\MethodDemosGit-0.5.6\MethodDemos\output\result\result-TUW-182414-xstream.xml"")";"=HYPERLINK(""D:\Java\git\MethodDemosGit-0.5.6\MethodDemos\output\extracted\parscit\parscit-TUW-182414-xstream.xml"")";"Zeitschriftenartikel";"100,00";"0,00";"NA";"NA";"80,00";"0,00";"0,00";"0,00";"0,00";"NA";"NA";"NA";"NA";"NA";"NA";"NA";"62,50";"0,00";"0,00";"84,21";"84,52";"29,84";"29,70"
"TUW-182899";"=HYPERLINK(""D:\Java\git\MethodDemosGit-0.5.6\MethodDemos\output\groundtruth\TUW-182899.pdf"")";"=HYPERLINK(""D:\Java\git\MethodDemosGit-0.5.6\MethodDemos\output\result\result-TUW-182899-xstream.xml"")";"=HYPERLINK(""D:\Java\git\MethodDemosGit-0.5.6\MethodDemos\output\extracted\parscit\parscit-TUW-182899-xstream.xml"")";"Zeitschriftenartikel";"100,00";"0,00";"NA";"0,00";"0,00";"0,00";"0,00";"0,00";"0,00";"NA";"NA";"NA";"NA";"NA";"NA";"NA";"36,36";"0,00";"0,00";"98,67";"65,00";"18,62";"19,59"
"TUW-185321";"=HYPERLINK(""D:\Java\git\MethodDemosGit-0.5.6\MethodDemos\output\groundtruth\TUW-185321.pdf"")";"=HYPERLINK(""D:\Java\git\MethodDemosGit-0.5.6\MethodDemos\output\result\result-TUW-185321-xstream.xml"")";"=HYPERLINK(""D:\Java\git\MethodDemosGit-0.5.6\MethodDemos\output\extracted\parscit\parscit-TUW-185321-xstream.xml"")";"Beiträge in Tagungsbänden";"100,00";"0,00";"NA";"NA";"80,00";"NA";"NA";"0,00";"0,00";"NA";"NA";"NA";"NA";"NA";"NA";"NA";"75,00";"NA";"0,00";"100,00";"85,42";"46,88";"44,37"
"TUW-185441";"=HYPERLINK(""D:\Java\git\MethodDemosGit-0.5.6\MethodDemos\output\groundtruth\TUW-185441.pdf"")";"=HYPERLINK(""D:\Java\git\MethodDemosGit-0.5.6\MethodDemos\output\result\result-TUW-185441-xstream.xml"")";"=HYPERLINK(""D:\Java\git\MethodDemosGit-0.5.6\MethodDemos\output\extracted\parscit\parscit-TUW-185441-xstream.xml"")";"Beiträge in Tagungsbänden";"100,00";"0,00";"NA";"NA";"80,00";"NA";"NA";"0,00";"0,00";"NA";"NA";"NA";"NA";"NA";"NA";"NA";"30,77";"0,00";"0,00";"100,00";"75,00";"36,51";"34,53"
"TUW-186227";"=HYPERLINK(""D:\Java\git\MethodDemosGit-0.5.6\MethodDemos\output\groundtruth\TUW-186227.pdf"")";"=HYPERLINK(""D:\Java\git\MethodDemosGit-0.5.6\MethodDemos\output\result\result-TUW-186227-xstream.xml"")";"=HYPERLINK(""D:\Java\git\MethodDemosGit-0.5.6\MethodDemos\output\extracted\parscit\parscit-TUW-186227-xstream.xml"")";"Beiträge in Tagungsbänden";"100,00";"0,00";"NA";"NA";"28,57";"NA";"NA";"0,00";"0,00";"NA";"NA";"NA";"NA";"NA";"NA";"NA";"42,86";"0,00";"0,00";"100,00";"66,67";"37,50";"30,16"
"TUW-189842";"=HYPERLINK(""D:\Java\git\MethodDemosGit-0.5.6\MethodDemos\output\groundtruth\TUW-189842.pdf"")";"=HYPERLINK(""D:\Java\git\MethodDemosGit-0.5.6\MethodDemos\output\result\result-TUW-189842-xstream.xml"")";"=HYPERLINK(""D:\Java\git\MethodDemosGit-0.5.6\MethodDemos\output\extracted\parscit\parscit-TUW-189842-xstream.xml"")";"Beiträge in Tagungsbänden";"100,00";"0,00";"NA";"0,00";"0,00";"0,00";"0,00";"0,00";"0,00";"0,00";"NA";"NA";"NA";"NA";"0,00";"NA";"54,55";"NA";"0,00";"85,71";"80,95";"19,23";"18,48"
"TUW-191715";"=HYPERLINK(""D:\Java\git\MethodDemosGit-0.5.6\MethodDemos\output\groundtruth\TUW-191715.pdf"")";"=HYPERLINK(""D:\Java\git\MethodDemosGit-0.5.6\MethodDemos\output\result\result-TUW-191715-xstream.xml"")";"=HYPERLINK(""D:\Java\git\MethodDemosGit-0.5.6\MethodDemos\output\extracted\parscit\parscit-TUW-191715-xstream.xml"")";"Zeitschriftenartikel";"100,00";"0,00";"NA";"0,00";"100,00";"NA";"NA";"0,00";"0,00";"NA";"NA";"NA";"NA";"NA";"NA";"NA";"41,38";"0,00";"0,00";"90,32";"92,89";"31,34";"33,17"
"TUW-191977";"=HYPERLINK(""D:\Java\git\MethodDemosGit-0.5.6\MethodDemos\output\groundtruth\TUW-191977.pdf"")";"=HYPERLINK(""D:\Java\git\MethodDemosGit-0.5.6\MethodDemos\output\result\result-TUW-191977-xstream.xml"")";"=HYPERLINK(""D:\Java\git\MethodDemosGit-0.5.6\MethodDemos\output\extracted\parscit\parscit-TUW-191977-xstream.xml"")";"Beiträge in Tagungsbänden";"100,00";"0,00";"NA";"NA";"0,00";"0,00";"0,00";"0,00";"0,00";"NA";"NA";"NA";"NA";"NA";"NA";"NA";"88,89";"0,00";"0,00";"90,91";"70,00";"25,76";"25,44"
"TUW-192724";"=HYPERLINK(""D:\Java\git\MethodDemosGit-0.5.6\MethodDemos\output\groundtruth\TUW-192724.pdf"")";"=HYPERLINK(""D:\Java\git\MethodDemosGit-0.5.6\MethodDemos\output\result\result-TUW-192724-xstream.xml"")";"=HYPERLINK(""D:\Java\git\MethodDemosGit-0.5.6\MethodDemos\output\extracted\parscit\parscit-TUW-192724-xstream.xml"")";"Beiträge in Tagungsbänden";"0,00";"0,00";"NA";"0,00";"0,00";"0,00";"0,00";"0,00";"0,00";"NA";"NA";"NA";"NA";"NA";"NA";"NA";"72,73";"0,00";"0,00";"96,77";"45,00";"13,37";"14,13"
"TUW-194085";"=HYPERLINK(""D:\Java\git\MethodDemosGit-0.5.6\MethodDemos\output\groundtruth\TUW-194085.pdf"")";"=HYPERLINK(""D:\Java\git\MethodDemosGit-0.5.6\MethodDemos\output\result\result-TUW-194085-xstream.xml"")";"=HYPERLINK(""D:\Java\git\MethodDemosGit-0.5.6\MethodDemos\output\extracted\parscit\parscit-TUW-194085-xstream.xml"")";"Diplom- oder Masterarbeiten";"0,00";"0,00";"0,00";"NA";"50,00";"NA";"NA";"0,00";"0,00";"NA";"NA";"NA";"NA";"NA";"0,00";"NA";"19,51";"0,00";"0,00";"100,00";"42,03";"19,41";"15,41"
"TUW-194561";"=HYPERLINK(""D:\Java\git\MethodDemosGit-0.5.6\MethodDemos\output\groundtruth\TUW-194561.pdf"")";"=HYPERLINK(""D:\Java\git\MethodDemosGit-0.5.6\MethodDemos\output\result\result-TUW-194561-xstream.xml"")";"=HYPERLINK(""D:\Java\git\MethodDemosGit-0.5.6\MethodDemos\output\extracted\parscit\parscit-TUW-194561-xstream.xml"")";"Zeitschriftenartikel";"100,00";"0,00";"NA";"NA";"0,00";"NA";"NA";"0,00";"0,00";"0,00";"NA";"NA";"0,00";"0,00";"0,00";"0,00";"92,31";"0,00";"0,00";"90,91";"69,16";"20,78";"20,23"
"TUW-194660";"=HYPERLINK(""D:\Java\git\MethodDemosGit-0.5.6\MethodDemos\output\groundtruth\TUW-194660.pdf"")";"=HYPERLINK(""D:\Java\git\MethodDemosGit-0.5.6\MethodDemos\output\result\result-TUW-194660-xstream.xml"")";"=HYPERLINK(""D:\Java\git\MethodDemosGit-0.5.6\MethodDemos\output\extracted\parscit\parscit-TUW-194660-xstream.xml"")";"Beiträge in Tagungsbänden";"100,00";"0,00";"NA";"NA";"80,00";"NA";"NA";"0,00";"0,00";"NA";"NA";"NA";"NA";"NA";"NA";"NA";"20,00";"0,00";"0,00";"88,89";"71,67";"33,33";"32,10"
"TUW-197422";"=HYPERLINK(""D:\Java\git\MethodDemosGit-0.5.6\MethodDemos\output\groundtruth\TUW-197422.pdf"")";"=HYPERLINK(""D:\Java\git\MethodDemosGit-0.5.6\MethodDemos\output\result\result-TUW-197422-xstream.xml"")";"=HYPERLINK(""D:\Java\git\MethodDemosGit-0.5.6\MethodDemos\output\extracted\parscit\parscit-TUW-197422-xstream.xml"")";"Beiträge in Tagungsbänden";"100,00";"0,00";"NA";"NA";"40,00";"NA";"NA";"0,00";"0,00";"0,00";"NA";"NA";"NA";"NA";"0,00";"NA";"35,29";"0,00";"0,00";"100,00";"68,75";"29,75";"25,03"
"TUW-197852";"=HYPERLINK(""D:\Java\git\MethodDemosGit-0.5.6\MethodDemos\output\groundtruth\TUW-197852.pdf"")";"=HYPERLINK(""D:\Java\git\MethodDemosGit-0.5.6\MethodDemos\output\result\result-TUW-197852-xstream.xml"")";"=HYPERLINK(""D:\Java\git\MethodDemosGit-0.5.6\MethodDemos\output\extracted\parscit\parscit-TUW-197852-xstream.xml"")";"Zeitschriftenartikel";"100,00";"0,00";"NA";"0,00";"57,14";"NA";"NA";"0,00";"0,00";"0,00";"0,00";"NA";"NA";"NA";"0,00";"NA";"50,00";"0,00";"0,00";"100,00";"72,50";"26,92";"23,63"
"TUW-198400";"=HYPERLINK(""D:\Java\git\MethodDemosGit-0.5.6\MethodDemos\output\groundtruth\TUW-198400.pdf"")";"=HYPERLINK(""D:\Java\git\MethodDemosGit-0.5.6\MethodDemos\output\result\result-TUW-198400-xstream.xml"")";"=HYPERLINK(""D:\Java\git\MethodDemosGit-0.5.6\MethodDemos\output\extracted\parscit\parscit-TUW-198400-xstream.xml"")";"Beiträge in Tagungsbänden";"100,00";"0,00";"NA";"NA";"0,00";"0,00";"0,00";"0,00";"0,00";"NA";"NA";"NA";"NA";"NA";"NA";"NA";"60,00";"0,00";"0,00";"98,18";"68,75";"22,40";"23,47"
"TUW-198401";"=HYPERLINK(""D:\Java\git\MethodDemosGit-0.5.6\MethodDemos\output\groundtruth\TUW-198401.pdf"")";"=HYPERLINK(""D:\Java\git\MethodDemosGit-0.5.6\MethodDemos\output\result\result-TUW-198401-xstream.xml"")";"=HYPERLINK(""D:\Java\git\MethodDemosGit-0.5.6\MethodDemos\output\extracted\parscit\parscit-TUW-198401-xstream.xml"")";"Beiträge in Tagungsbänden";"100,00";"0,00";"NA";"0,00";"66,67";"0,00";"0,00";"0,00";"0,00";"NA";"NA";"NA";"NA";"NA";"NA";"NA";"85,71";"0,00";"0,00";"72,73";"76,25";"30,56";"27,09"
"TUW-198405";"=HYPERLINK(""D:\Java\git\MethodDemosGit-0.5.6\MethodDemos\output\groundtruth\TUW-198405.pdf"")";"=HYPERLINK(""D:\Java\git\MethodDemosGit-0.5.6\MethodDemos\output\result\result-TUW-198405-xstream.xml"")";"=HYPERLINK(""D:\Java\git\MethodDemosGit-0.5.6\MethodDemos\output\extracted\parscit\parscit-TUW-198405-xstream.xml"")";"Beiträge in Tagungsbänden";"100,00";"0,00";"NA";"NA";"0,00";"0,00";"0,00";"0,00";"0,00";"NA";"NA";"NA";"NA";"NA";"NA";"NA";"60,00";"0,00";"0,00";"100,00";"68,75";"22,73";"23,64"
"TUW-198408";"=HYPERLINK(""D:\Java\git\MethodDemosGit-0.5.6\MethodDemos\output\groundtruth\TUW-198408.pdf"")";"=HYPERLINK(""D:\Java\git\MethodDemosGit-0.5.6\MethodDemos\output\result\result-TUW-198408-xstream.xml"")";"=HYPERLINK(""D:\Java\git\MethodDemosGit-0.5.6\MethodDemos\output\extracted\parscit\parscit-TUW-198408-xstream.xml"")";"Beiträge in Tagungsbänden";"100,00";"0,00";"NA";"NA";"66,67";"0,00";"0,00";"0,00";"0,00";"NA";"NA";"NA";"NA";"NA";"NA";"NA";"61,54";"0,00";"0,00";"98,11";"79,17";"32,13";"29,67"
"TUW-200745";"=HYPERLINK(""D:\Java\git\MethodDemosGit-0.5.6\MethodDemos\output\groundtruth\TUW-200745.pdf"")";"=HYPERLINK(""D:\Java\git\MethodDemosGit-0.5.6\MethodDemos\output\result\result-TUW-200745-xstream.xml"")";"=HYPERLINK(""D:\Java\git\MethodDemosGit-0.5.6\MethodDemos\output\extracted\parscit\parscit-TUW-200745-xstream.xml"")";"Diplom- oder Masterarbeiten";"0,00";"0,00";"0,00";"NA";"33,33";"NA";"NA";"0,00";"0,00";"NA";"NA";"NA";"NA";"NA";"0,00";"NA";"8,16";"0,00";"0,00";"100,00";"33,85";"18,69";"12,86"
"TUW-200748";"=HYPERLINK(""D:\Java\git\MethodDemosGit-0.5.6\MethodDemos\output\groundtruth\TUW-200748.pdf"")";"=HYPERLINK(""D:\Java\git\MethodDemosGit-0.5.6\MethodDemos\output\result\result-TUW-200748-xstream.xml"")";"=HYPERLINK(""D:\Java\git\MethodDemosGit-0.5.6\MethodDemos\output\extracted\parscit\parscit-TUW-200748-xstream.xml"")";"Diplom- oder Masterarbeiten";"0,00";"0,00";"0,00";"NA";"40,00";"NA";"NA";"0,00";"0,00";"NA";"NA";"NA";"NA";"NA";"0,00";"NA";"6,35";"0,00";"0,00";"96,20";"35,80";"17,87";"12,96"
"TUW-200948";"=HYPERLINK(""D:\Java\git\MethodDemosGit-0.5.6\MethodDemos\output\groundtruth\TUW-200948.pdf"")";"=HYPERLINK(""D:\Java\git\MethodDemosGit-0.5.6\MethodDemos\output\result\result-TUW-200948-xstream.xml"")";"=HYPERLINK(""D:\Java\git\MethodDemosGit-0.5.6\MethodDemos\output\extracted\parscit\parscit-TUW-200948-xstream.xml"")";"Zeitschriftenartikel";"100,00";"0,00";"NA";"NA";"0,00";"0,00";"0,00";"0,00";"0,00";"NA";"NA";"NA";"NA";"NA";"NA";"NA";"76,92";"0,00";"0,00";"90,91";"66,29";"24,69";"24,35"
"TUW-200950";"=HYPERLINK(""D:\Java\git\MethodDemosGit-0.5.6\MethodDemos\output\groundtruth\TUW-200950.pdf"")";"=HYPERLINK(""D:\Java\git\MethodDemosGit-0.5.6\MethodDemos\output\result\result-TUW-200950-xstream.xml"")";"=HYPERLINK(""D:\Java\git\MethodDemosGit-0.5.6\MethodDemos\output\extracted\parscit\parscit-TUW-200950-xstream.xml"")";"Zeitschriftenartikel";"0,00";"0,00";"NA";"NA";"0,00";"0,00";"0,00";"0,00";"0,00";"NA";"NA";"NA";"NA";"NA";"NA";"NA";"42,86";"0,00";"0,00";"100,00";"40,00";"12,12";"12,99"
"TUW-200959";"=HYPERLINK(""D:\Java\git\MethodDemosGit-0.5.6\MethodDemos\output\groundtruth\TUW-200959.pdf"")";"=HYPERLINK(""D:\Java\git\MethodDemosGit-0.5.6\MethodDemos\output\result\result-TUW-200959-xstream.xml"")";"=HYPERLINK(""D:\Java\git\MethodDemosGit-0.5.6\MethodDemos\output\extracted\parscit\parscit-TUW-200959-xstream.xml"")";"Zeitschriftenartikel";"0,00";"0,00";"NA";"NA";"80,00";"NA";"NA";"0,00";"0,00";"NA";"NA";"NA";"NA";"NA";"0,00";"NA";"55,56";"0,00";"0,00";"100,00";"57,29";"25,00";"23,56"
"TUW-201066";"=HYPERLINK(""D:\Java\git\MethodDemosGit-0.5.6\MethodDemos\output\groundtruth\TUW-201066.pdf"")";"=HYPERLINK(""D:\Java\git\MethodDemosGit-0.5.6\MethodDemos\output\result\result-TUW-201066-xstream.xml"")";"=HYPERLINK(""D:\Java\git\MethodDemosGit-0.5.6\MethodDemos\output\extracted\parscit\parscit-TUW-201066-xstream.xml"")";"Beiträge in Tagungsbänden";"100,00";"NA";"NA";"NA";"85,71";"NA";"NA";"0,00";"0,00";"NA";"NA";"NA";"NA";"NA";"NA";"NA";"88,89";"0,00";"0,00";"100,00";"88,75";"50,00";"46,83"
"TUW-201160";"=HYPERLINK(""D:\Java\git\MethodDemosGit-0.5.6\MethodDemos\output\groundtruth\TUW-201160.pdf"")";"=HYPERLINK(""D:\Java\git\MethodDemosGit-0.5.6\MethodDemos\output\result\result-TUW-201160-xstream.xml"")";"=HYPERLINK(""D:\Java\git\MethodDemosGit-0.5.6\MethodDemos\output\extracted\parscit\parscit-TUW-201160-xstream.xml"")";"Beiträge in Tagungsbänden";"100,00";"NA";"NA";"NA";"80,00";"NA";"NA";"0,00";"0,00";"NA";"NA";"NA";"NA";"NA";"NA";"NA";"83,33";"0,00";"0,00";"100,00";"84,52";"50,00";"45,42"
"TUW-201167";"=HYPERLINK(""D:\Java\git\MethodDemosGit-0.5.6\MethodDemos\output\groundtruth\TUW-201167.pdf"")";"=HYPERLINK(""D:\Java\git\MethodDemosGit-0.5.6\MethodDemos\output\result\result-TUW-201167-xstream.xml"")";"=HYPERLINK(""D:\Java\git\MethodDemosGit-0.5.6\MethodDemos\output\extracted\parscit\parscit-TUW-201167-xstream.xml"")";"Beiträge in Tagungsbänden";"0,00";"NA";"NA";"NA";"85,71";"NA";"NA";"0,00";"0,00";"NA";"NA";"NA";"NA";"NA";"NA";"NA";"85,71";"0,00";"0,00";"100,00";"62,50";"37,50";"33,93"
"TUW-201821";"=HYPERLINK(""D:\Java\git\MethodDemosGit-0.5.6\MethodDemos\output\groundtruth\TUW-201821.pdf"")";"=HYPERLINK(""D:\Java\git\MethodDemosGit-0.5.6\MethodDemos\output\result\result-TUW-201821-xstream.xml"")";"=HYPERLINK(""D:\Java\git\MethodDemosGit-0.5.6\MethodDemos\output\extracted\parscit\parscit-TUW-201821-xstream.xml"")";"Beiträge in Tagungsbänden";"0,00";"0,00";"NA";"NA";"66,67";"0,00";"0,00";"0,00";"0,00";"NA";"NA";"NA";"NA";"NA";"0,00";"NA";"83,33";"0,00";"0,00";"100,00";"55,36";"25,00";"20,83"
"TUW-202034";"=HYPERLINK(""D:\Java\git\MethodDemosGit-0.5.6\MethodDemos\output\groundtruth\TUW-202034.pdf"")";"=HYPERLINK(""D:\Java\git\MethodDemosGit-0.5.6\MethodDemos\output\result\result-TUW-202034-xstream.xml"")";"=HYPERLINK(""D:\Java\git\MethodDemosGit-0.5.6\MethodDemos\output\extracted\parscit\parscit-TUW-202034-xstream.xml"")";"Diplom- oder Masterarbeiten";"0,00";"0,00";"0,00";"NA";"25,00";"NA";"NA";"0,00";"0,00";"NA";"NA";"NA";"NA";"NA";"0,00";"NA";"20,00";"0,00";"0,00";"100,00";"38,10";"19,41";"13,18"
"TUW-202824";"=HYPERLINK(""D:\Java\git\MethodDemosGit-0.5.6\MethodDemos\output\groundtruth\TUW-202824.pdf"")";"=HYPERLINK(""D:\Java\git\MethodDemosGit-0.5.6\MethodDemos\output\result\result-TUW-202824-xstream.xml"")";"=HYPERLINK(""D:\Java\git\MethodDemosGit-0.5.6\MethodDemos\output\extracted\parscit\parscit-TUW-202824-xstream.xml"")";"Beiträge in Tagungsbänden";"100,00";"0,00";"NA";"NA";"85,71";"0,00";"0,00";"0,00";"0,00";"NA";"NA";"NA";"NA";"NA";"NA";"NA";"0,00";"NA";"NA";"75,00";"62,50";"34,38";"28,97"
"TUW-203409";"=HYPERLINK(""D:\Java\git\MethodDemosGit-0.5.6\MethodDemos\output\groundtruth\TUW-203409.pdf"")";"=HYPERLINK(""D:\Java\git\MethodDemosGit-0.5.6\MethodDemos\output\result\result-TUW-203409-xstream.xml"")";"=HYPERLINK(""D:\Java\git\MethodDemosGit-0.5.6\MethodDemos\output\extracted\parscit\parscit-TUW-203409-xstream.xml"")";"Beiträge in Tagungsbänden";"100,00";"0,00";"NA";"0,00";"0,00";"NA";"NA";"0,00";"0,00";"NA";"NA";"NA";"NA";"NA";"NA";"NA";"85,71";"0,00";"NA";"NA";"58,33";"25,00";"23,21"
"TUW-203924";"=HYPERLINK(""D:\Java\git\MethodDemosGit-0.5.6\MethodDemos\output\groundtruth\TUW-203924.pdf"")";"=HYPERLINK(""D:\Java\git\MethodDemosGit-0.5.6\MethodDemos\output\result\result-TUW-203924-xstream.xml"")";"=HYPERLINK(""D:\Java\git\MethodDemosGit-0.5.6\MethodDemos\output\extracted\parscit\parscit-TUW-203924-xstream.xml"")";"Beiträge in Tagungsbänden";"100,00";"0,00";"NA";"0,00";"0,00";"NA";"NA";"0,00";"0,00";"NA";"NA";"NA";"NA";"NA";"NA";"NA";"54,55";"0,00";"0,00";"74,28";"65,00";"20,91";"22,88"
"TUW-204724";"=HYPERLINK(""D:\Java\git\MethodDemosGit-0.5.6\MethodDemos\output\groundtruth\TUW-204724.pdf"")";"=HYPERLINK(""D:\Java\git\MethodDemosGit-0.5.6\MethodDemos\output\result\result-TUW-204724-xstream.xml"")";"=HYPERLINK(""D:\Java\git\MethodDemosGit-0.5.6\MethodDemos\output\extracted\parscit\parscit-TUW-204724-xstream.xml"")";"Zeitschriftenartikel";"100,00";"0,00";"NA";"0,00";"66,67";"0,00";"0,00";"0,00";"0,00";"NA";"NA";"NA";"NA";"NA";"NA";"NA";"40,00";"0,00";"0,00";"86,96";"70,23";"26,94";"24,47"
"TUW-205557";"=HYPERLINK(""D:\Java\git\MethodDemosGit-0.5.6\MethodDemos\output\groundtruth\TUW-205557.pdf"")";"=HYPERLINK(""D:\Java\git\MethodDemosGit-0.5.6\MethodDemos\output\result\result-TUW-205557-xstream.xml"")";"=HYPERLINK(""D:\Java\git\MethodDemosGit-0.5.6\MethodDemos\output\extracted\parscit\parscit-TUW-205557-xstream.xml"")";"Beiträge in Tagungsbänden";"100,00";"0,00";"NA";"NA";"0,00";"NA";"NA";"0,00";"0,00";"NA";"NA";"NA";"NA";"NA";"NA";"NA";"0,00";"NA";"NA";"100,00";"50,00";"33,33";"28,57"
"TUW-205933";"=HYPERLINK(""D:\Java\git\MethodDemosGit-0.5.6\MethodDemos\output\groundtruth\TUW-205933.pdf"")";"=HYPERLINK(""D:\Java\git\MethodDemosGit-0.5.6\MethodDemos\output\result\result-TUW-205933-xstream.xml"")";"=HYPERLINK(""D:\Java\git\MethodDemosGit-0.5.6\MethodDemos\output\extracted\parscit\parscit-TUW-205933-xstream.xml"")";"Zeitschriftenartikel";"0,00";"0,00";"NA";"0,00";"0,00";"NA";"NA";"NA";"NA";"0,00";"NA";"NA";"NA";"NA";"NA";"NA";"33,33";"NA";"0,00";"85,71";"44,44";"13,54";"14,88"
"TUW-213513";"=HYPERLINK(""D:\Java\git\MethodDemosGit-0.5.6\MethodDemos\output\groundtruth\TUW-213513.pdf"")";"=HYPERLINK(""D:\Java\git\MethodDemosGit-0.5.6\MethodDemos\output\result\result-TUW-213513-xstream.xml"")";"=HYPERLINK(""D:\Java\git\MethodDemosGit-0.5.6\MethodDemos\output\extracted\parscit\parscit-TUW-213513-xstream.xml"")";"Beiträge in Tagungsbänden";"0,00";"NA";"NA";"NA";"66,67";"0,00";"0,00";"0,00";"0,00";"NA";"NA";"NA";"NA";"NA";"NA";"NA";"85,71";"0,00";"0,00";"100,00";"56,25";"30,00";"25,24"
"TUW-216744";"=HYPERLINK(""D:\Java\git\MethodDemosGit-0.5.6\MethodDemos\output\groundtruth\TUW-216744.pdf"")";"=HYPERLINK(""D:\Java\git\MethodDemosGit-0.5.6\MethodDemos\output\result\result-TUW-216744-xstream.xml"")";"=HYPERLINK(""D:\Java\git\MethodDemosGit-0.5.6\MethodDemos\output\extracted\parscit\parscit-TUW-216744-xstream.xml"")";"Beiträge in Tagungsbänden";"100,00";"0,00";"NA";"0,00";"0,00";"NA";"NA";"0,00";"0,00";"0,00";"NA";"NA";"NA";"NA";"0,00";"NA";"60,00";"0,00";"0,00";"94,12";"62,50";"21,99";"21,18"
"TUW-217690";"=HYPERLINK(""D:\Java\git\MethodDemosGit-0.5.6\MethodDemos\output\groundtruth\TUW-217690.pdf"")";"=HYPERLINK(""D:\Java\git\MethodDemosGit-0.5.6\MethodDemos\output\result\result-TUW-217690-xstream.xml"")";"=HYPERLINK(""D:\Java\git\MethodDemosGit-0.5.6\MethodDemos\output\extracted\parscit\parscit-TUW-217690-xstream.xml"")";"Beiträge in Tagungsbänden";"0,00";"0,00";"NA";"0,00";"0,00";"NA";"NA";"0,00";"0,00";"NA";"NA";"NA";"NA";"NA";"NA";"NA";"75,00";"0,00";"0,00";"100,00";"40,00";"20,00";"17,50"
"TUW-217971";"=HYPERLINK(""D:\Java\git\MethodDemosGit-0.5.6\MethodDemos\output\groundtruth\TUW-217971.pdf"")";"=HYPERLINK(""D:\Java\git\MethodDemosGit-0.5.6\MethodDemos\output\result\result-TUW-217971-xstream.xml"")";"=HYPERLINK(""D:\Java\git\MethodDemosGit-0.5.6\MethodDemos\output\extracted\parscit\parscit-TUW-217971-xstream.xml"")";"Beiträge in Tagungsbänden";"0,00";"0,00";"NA";"NA";"100,00";"NA";"NA";"0,00";"0,00";"NA";"NA";"NA";"NA";"NA";"NA";"NA";"73,68";"0,00";"0,00";"100,00";"69,44";"30,00";"30,41"
"TUW-221215";"=HYPERLINK(""D:\Java\git\MethodDemosGit-0.5.6\MethodDemos\output\groundtruth\TUW-221215.pdf"")";"=HYPERLINK(""D:\Java\git\MethodDemosGit-0.5.6\MethodDemos\output\result\result-TUW-221215-xstream.xml"")";"=HYPERLINK(""D:\Java\git\MethodDemosGit-0.5.6\MethodDemos\output\extracted\parscit\parscit-TUW-221215-xstream.xml"")";"Diplom- oder Masterarbeiten";"0,00";"0,00";"0,00";"NA";"0,00";"NA";"NA";"0,00";"0,00";"NA";"NA";"NA";"NA";"NA";"0,00";"NA";"8,16";"0,00";"0,00";"95,45";"26,80";"9,13";"9,42"
"TUW-223906";"=HYPERLINK(""D:\Java\git\MethodDemosGit-0.5.6\MethodDemos\output\groundtruth\TUW-223906.pdf"")";"=HYPERLINK(""D:\Java\git\MethodDemosGit-0.5.6\MethodDemos\output\result\result-TUW-223906-xstream.xml"")";"=HYPERLINK(""D:\Java\git\MethodDemosGit-0.5.6\MethodDemos\output\extracted\parscit\parscit-TUW-223906-xstream.xml"")";"Beiträge in Tagungsbänden";"100,00";"0,00";"NA";"NA";"66,67";"0,00";"0,00";"0,00";"0,00";"0,00";"NA";"NA";"NA";"NA";"0,00";"NA";"75,00";"0,00";"0,00";"100,00";"81,25";"28,85";"26,28"
"TUW-223973";"=HYPERLINK(""D:\Java\git\MethodDemosGit-0.5.6\MethodDemos\output\groundtruth\TUW-223973.pdf"")";"=HYPERLINK(""D:\Java\git\MethodDemosGit-0.5.6\MethodDemos\output\result\result-TUW-223973-xstream.xml"")";"=HYPERLINK(""D:\Java\git\MethodDemosGit-0.5.6\MethodDemos\output\extracted\parscit\parscit-TUW-223973-xstream.xml"")";"Buchbeiträge";"0,00";"0,00";"NA";"0,00";"80,00";"NA";"NA";"0,00";"0,00";"NA";"NA";"NA";"NA";"NA";"NA";"NA";"62,50";"0,00";"0,00";"97,78";"59,52";"25,12";"24,03"
"TUW-225252";"=HYPERLINK(""D:\Java\git\MethodDemosGit-0.5.6\MethodDemos\output\groundtruth\TUW-225252.pdf"")";"=HYPERLINK(""D:\Java\git\MethodDemosGit-0.5.6\MethodDemos\output\result\result-TUW-225252-xstream.xml"")";"=HYPERLINK(""D:\Java\git\MethodDemosGit-0.5.6\MethodDemos\output\extracted\parscit\parscit-TUW-225252-xstream.xml"")";"Beiträge in Tagungsbänden";"100,00";"NA";"NA";"NA";"88,89";"NA";"NA";"0,00";"0,00";"NA";"NA";"NA";"NA";"NA";"NA";"NA";"66,67";"0,00";"0,00";"100,00";"86,67";"45,83";"44,44"
"TUW-226000";"=HYPERLINK(""D:\Java\git\MethodDemosGit-0.5.6\MethodDemos\output\groundtruth\TUW-226000.pdf"")";"=HYPERLINK(""D:\Java\git\MethodDemosGit-0.5.6\MethodDemos\output\result\result-TUW-226000-xstream.xml"")";"=HYPERLINK(""D:\Java\git\MethodDemosGit-0.5.6\MethodDemos\output\extracted\parscit\parscit-TUW-226000-xstream.xml"")";"Beiträge in Tagungsbänden";"100,00";"0,00";"NA";"0,00";"0,00";"NA";"NA";"0,00";"0,00";"NA";"NA";"NA";"NA";"NA";"NA";"NA";"80,00";"0,00";"0,00";"84,61";"67,92";"25,86";"26,46"
"TUW-226016";"=HYPERLINK(""D:\Java\git\MethodDemosGit-0.5.6\MethodDemos\output\groundtruth\TUW-226016.pdf"")";"=HYPERLINK(""D:\Java\git\MethodDemosGit-0.5.6\MethodDemos\output\result\result-TUW-226016-xstream.xml"")";"=HYPERLINK(""D:\Java\git\MethodDemosGit-0.5.6\MethodDemos\output\extracted\parscit\parscit-TUW-226016-xstream.xml"")";"Diplom- oder Masterarbeiten";"0,00";"0,00";"0,00";"NA";"0,00";"NA";"NA";"0,00";"0,00";"NA";"NA";"NA";"NA";"NA";"0,00";"NA";"42,86";"0,00";"0,00";"0,00";"18,18";"3,21";"3,90"
"TUW-228620";"=HYPERLINK(""D:\Java\git\MethodDemosGit-0.5.6\MethodDemos\output\groundtruth\TUW-228620.pdf"")";"=HYPERLINK(""D:\Java\git\MethodDemosGit-0.5.6\MethodDemos\output\result\result-TUW-228620-xstream.xml"")";"=HYPERLINK(""D:\Java\git\MethodDemosGit-0.5.6\MethodDemos\output\extracted\parscit\parscit-TUW-228620-xstream.xml"")";"Zeitschriftenartikel";"0,00";"0,00";"NA";"0,00";"0,00";"0,00";"0,00";"0,00";"0,00";"0,00";"NA";"NA";"NA";"NA";"NA";"0,00";"0,00";"NA";"0,00";"98,88";"25,00";"7,52";"7,61"
"TUW-231707";"=HYPERLINK(""D:\Java\git\MethodDemosGit-0.5.6\MethodDemos\output\groundtruth\TUW-231707.pdf"")";"=HYPERLINK(""D:\Java\git\MethodDemosGit-0.5.6\MethodDemos\output\result\result-TUW-231707-xstream.xml"")";"=HYPERLINK(""D:\Java\git\MethodDemosGit-0.5.6\MethodDemos\output\extracted\parscit\parscit-TUW-231707-xstream.xml"")";"Buchbeiträge";"100,00";"0,00";"NA";"NA";"66,67";"NA";"NA";"0,00";"0,00";"NA";"NA";"NA";"NA";"NA";"NA";"NA";"52,63";"0,00";"0,00";"100,00";"80,36";"37,96";"35,48"
"TUW-233317";"=HYPERLINK(""D:\Java\git\MethodDemosGit-0.5.6\MethodDemos\output\groundtruth\TUW-233317.pdf"")";"=HYPERLINK(""D:\Java\git\MethodDemosGit-0.5.6\MethodDemos\output\result\result-TUW-233317-xstream.xml"")";"=HYPERLINK(""D:\Java\git\MethodDemosGit-0.5.6\MethodDemos\output\extracted\parscit\parscit-TUW-233317-xstream.xml"")";"Beiträge in Tagungsbänden";"100,00";"0,00";"NA";"0,00";"0,00";"0,00";"0,00";"0,00";"0,00";"NA";"NA";"NA";"NA";"NA";"NA";"NA";"60,00";"0,00";"0,00";"100,00";"65,00";"21,67";"21,67"
"TUW-233657";"=HYPERLINK(""D:\Java\git\MethodDemosGit-0.5.6\MethodDemos\output\groundtruth\TUW-233657.pdf"")";"=HYPERLINK(""D:\Java\git\MethodDemosGit-0.5.6\MethodDemos\output\result\result-TUW-233657-xstream.xml"")";"=HYPERLINK(""D:\Java\git\MethodDemosGit-0.5.6\MethodDemos\output\extracted\parscit\parscit-TUW-233657-xstream.xml"")";"Beiträge in Tagungsbänden";"100,00";"0,00";"NA";"0,00";"50,00";"0,00";"0,00";"0,00";"0,00";"NA";"NA";"NA";"NA";"NA";"NA";"NA";"62,50";"0,00";"0,00";"91,67";"80,36";"24,18";"25,35"
"TUW-236063";"=HYPERLINK(""D:\Java\git\MethodDemosGit-0.5.6\MethodDemos\output\groundtruth\TUW-236063.pdf"")";"=HYPERLINK(""D:\Java\git\MethodDemosGit-0.5.6\MethodDemos\output\result\result-TUW-236063-xstream.xml"")";"=HYPERLINK(""D:\Java\git\MethodDemosGit-0.5.6\MethodDemos\output\extracted\parscit\parscit-TUW-236063-xstream.xml"")";"Beiträge in Tagungsbänden";"100,00";"0,00";"NA";"NA";"0,00";"NA";"NA";"0,00";"0,00";"NA";"NA";"NA";"NA";"NA";"NA";"NA";"85,71";"0,00";"0,00";"100,00";"68,75";"33,33";"31,75"
"TUW-236120";"=HYPERLINK(""D:\Java\git\MethodDemosGit-0.5.6\MethodDemos\output\groundtruth\TUW-236120.pdf"")";"=HYPERLINK(""D:\Java\git\MethodDemosGit-0.5.6\MethodDemos\output\result\result-TUW-236120-xstream.xml"")";"=HYPERLINK(""D:\Java\git\MethodDemosGit-0.5.6\MethodDemos\output\extracted\parscit\parscit-TUW-236120-xstream.xml"")";"Beiträge in Tagungsbänden";"100,00";"0,00";"NA";"0,00";"0,00";"0,00";"0,00";"0,00";"0,00";"NA";"NA";"NA";"NA";"NA";"NA";"NA";"47,06";"0,00";"0,00";"73,33";"70,00";"15,94";"18,37"
"TUW-237297";"=HYPERLINK(""D:\Java\git\MethodDemosGit-0.5.6\MethodDemos\output\groundtruth\TUW-237297.pdf"")";"=HYPERLINK(""D:\Java\git\MethodDemosGit-0.5.6\MethodDemos\output\result\result-TUW-237297-xstream.xml"")";"=HYPERLINK(""D:\Java\git\MethodDemosGit-0.5.6\MethodDemos\output\extracted\parscit\parscit-TUW-237297-xstream.xml"")";"Beiträge in Tagungsbänden";"0,00";"0,00";"NA";"0,00";"100,00";"NA";"NA";"NA";"NA";"0,00";"NA";"NA";"NA";"NA";"NA";"NA";"50,00";"NA";"0,00";"82,35";"55,21";"34,72";"29,04"
"TUW-240858";"=HYPERLINK(""D:\Java\git\MethodDemosGit-0.5.6\MethodDemos\output\groundtruth\TUW-240858.pdf"")";"=HYPERLINK(""D:\Java\git\MethodDemosGit-0.5.6\MethodDemos\output\result\result-TUW-240858-xstream.xml"")";"=HYPERLINK(""D:\Java\git\MethodDemosGit-0.5.6\MethodDemos\output\extracted\parscit\parscit-TUW-240858-xstream.xml"")";"Beiträge in Tagungsbänden";"100,00";"0,00";"NA";"NA";"0,00";"0,00";"0,00";"0,00";"0,00";"NA";"NA";"NA";"NA";"NA";"NA";"NA";"66,67";"0,00";"0,00";"92,31";"64,74";"23,54";"23,54"
"TUW-245336";"=HYPERLINK(""D:\Java\git\MethodDemosGit-0.5.6\MethodDemos\output\groundtruth\TUW-245336.pdf"")";"=HYPERLINK(""D:\Java\git\MethodDemosGit-0.5.6\MethodDemos\output\result\result-TUW-245336-xstream.xml"")";"=HYPERLINK(""D:\Java\git\MethodDemosGit-0.5.6\MethodDemos\output\extracted\parscit\parscit-TUW-245336-xstream.xml"")";"Buchbeiträge";"100,00";"0,00";"NA";"NA";"66,67";"NA";"NA";"NA";"NA";"NA";"NA";"NA";"NA";"NA";"NA";"NA";"66,67";"0,00";"0,00";"97,78";"75,00";"56,52";"47,30"
"TUW-245799";"=HYPERLINK(""D:\Java\git\MethodDemosGit-0.5.6\MethodDemos\output\groundtruth\TUW-245799.pdf"")";"=HYPERLINK(""D:\Java\git\MethodDemosGit-0.5.6\MethodDemos\output\result\result-TUW-245799-xstream.xml"")";"=HYPERLINK(""D:\Java\git\MethodDemosGit-0.5.6\MethodDemos\output\extracted\parscit\parscit-TUW-245799-xstream.xml"")";"Zeitschriftenartikel";"100,00";"0,00";"NA";"0,00";"0,00";"0,00";"0,00";"0,00";"0,00";"NA";"NA";"NA";"NA";"NA";"0,00";"NA";"28,57";"0,00";"0,00";"92,31";"83,33";"15,82";"16,99"
"TUW-247301";"=HYPERLINK(""D:\Java\git\MethodDemosGit-0.5.6\MethodDemos\output\groundtruth\TUW-247301.pdf"")";"=HYPERLINK(""D:\Java\git\MethodDemosGit-0.5.6\MethodDemos\output\result\result-TUW-247301-xstream.xml"")";"=HYPERLINK(""D:\Java\git\MethodDemosGit-0.5.6\MethodDemos\output\extracted\parscit\parscit-TUW-247301-xstream.xml"")";"Beiträge in Tagungsbänden";"100,00";"NA";"NA";"NA";"0,00";"0,00";"0,00";"0,00";"0,00";"NA";"NA";"NA";"NA";"NA";"NA";"NA";"85,71";"0,00";"0,00";"100,00";"68,75";"30,00";"28,57"
"TUW-247741";"=HYPERLINK(""D:\Java\git\MethodDemosGit-0.5.6\MethodDemos\output\groundtruth\TUW-247741.pdf"")";"=HYPERLINK(""D:\Java\git\MethodDemosGit-0.5.6\MethodDemos\output\result\result-TUW-247741-xstream.xml"")";"=HYPERLINK(""D:\Java\git\MethodDemosGit-0.5.6\MethodDemos\output\extracted\parscit\parscit-TUW-247741-xstream.xml"")";"Beiträge in Tagungsbänden";"0,00";"0,00";"NA";"0,00";"33,33";"NA";"NA";"0,00";"0,00";"0,00";"NA";"NA";"NA";"NA";"0,00";"NA";"63,16";"0,00";"0,00";"100,00";"52,08";"15,66";"16,37"
"TUW-247743";"=HYPERLINK(""D:\Java\git\MethodDemosGit-0.5.6\MethodDemos\output\groundtruth\TUW-247743.pdf"")";"=HYPERLINK(""D:\Java\git\MethodDemosGit-0.5.6\MethodDemos\output\result\result-TUW-247743-xstream.xml"")";"=HYPERLINK(""D:\Java\git\MethodDemosGit-0.5.6\MethodDemos\output\extracted\parscit\parscit-TUW-247743-xstream.xml"")";"Diplom- oder Masterarbeiten";"0,00";"0,00";"0,00";"NA";"66,67";"NA";"NA";"0,00";"0,00";"NA";"NA";"NA";"NA";"NA";"0,00";"NA";"0,00";"0,00";"0,00";"95,00";"37,50";"17,32";"14,70"
"TUW-251544";"=HYPERLINK(""D:\Java\git\MethodDemosGit-0.5.6\MethodDemos\output\groundtruth\TUW-251544.pdf"")";"=HYPERLINK(""D:\Java\git\MethodDemosGit-0.5.6\MethodDemos\output\result\result-TUW-251544-xstream.xml"")";"=HYPERLINK(""D:\Java\git\MethodDemosGit-0.5.6\MethodDemos\output\extracted\parscit\parscit-TUW-251544-xstream.xml"")";"Zeitschriftenartikel";"100,00";"0,00";"NA";"0,00";"0,00";"0,00";"0,00";"0,00";"0,00";"NA";"NA";"NA";"NA";"NA";"NA";"NA";"50,00";"0,00";"0,00";"62,50";"68,75";"15,25";"17,71"
"TUW-252847";"=HYPERLINK(""D:\Java\git\MethodDemosGit-0.5.6\MethodDemos\output\groundtruth\TUW-252847.pdf"")";"=HYPERLINK(""D:\Java\git\MethodDemosGit-0.5.6\MethodDemos\output\result\result-TUW-252847-xstream.xml"")";"=HYPERLINK(""D:\Java\git\MethodDemosGit-0.5.6\MethodDemos\output\extracted\parscit\parscit-TUW-252847-xstream.xml"")";"Beiträge in Tagungsbänden";"100,00";"0,00";"NA";"NA";"55,55";"0,00";"0,00";"0,00";"0,00";"0,00";"NA";"NA";"NA";"NA";"0,00";"NA";"93,33";"0,00";"0,00";"100,00";"82,29";"29,49";"26,84"
"TUW-255712";"=HYPERLINK(""D:\Java\git\MethodDemosGit-0.5.6\MethodDemos\output\groundtruth\TUW-255712.pdf"")";"=HYPERLINK(""D:\Java\git\MethodDemosGit-0.5.6\MethodDemos\output\result\result-TUW-255712-xstream.xml"")";"=HYPERLINK(""D:\Java\git\MethodDemosGit-0.5.6\MethodDemos\output\extracted\parscit\parscit-TUW-255712-xstream.xml"")";"Beiträge in Tagungsbänden";"100,00";"0,00";"NA";"NA";"66,67";"NA";"NA";"0,00";"0,00";"NA";"NA";"NA";"NA";"NA";"NA";"NA";"50,00";"NA";"0,00";"100,00";"70,83";"50,00";"39,58"
"TUW-256654";"=HYPERLINK(""D:\Java\git\MethodDemosGit-0.5.6\MethodDemos\output\groundtruth\TUW-256654.pdf"")";"=HYPERLINK(""D:\Java\git\MethodDemosGit-0.5.6\MethodDemos\output\result\result-TUW-256654-xstream.xml"")";"=HYPERLINK(""D:\Java\git\MethodDemosGit-0.5.6\MethodDemos\output\extracted\parscit\parscit-TUW-256654-xstream.xml"")";"Beiträge in Tagungsbänden";"100,00";"0,00";"NA";"NA";"0,00";"0,00";"0,00";"0,00";"0,00";"NA";"NA";"NA";"NA";"NA";"NA";"NA";"66,67";"0,00";"0,00";"100,00";"67,86";"23,86";"24,24"
"TUW-257397";"=HYPERLINK(""D:\Java\git\MethodDemosGit-0.5.6\MethodDemos\output\groundtruth\TUW-257397.pdf"")";"=HYPERLINK(""D:\Java\git\MethodDemosGit-0.5.6\MethodDemos\output\result\result-TUW-257397-xstream.xml"")";"=HYPERLINK(""D:\Java\git\MethodDemosGit-0.5.6\MethodDemos\output\extracted\parscit\parscit-TUW-257397-xstream.xml"")";"Buchbeiträge";"100,00";"0,00";"NA";"NA";"66,67";"0,00";"0,00";"0,00";"0,00";"NA";"NA";"NA";"NA";"NA";"NA";"NA";"61,54";"0,00";"0,00";"98,25";"79,17";"32,15";"29,68"
"TUW-257870";"=HYPERLINK(""D:\Java\git\MethodDemosGit-0.5.6\MethodDemos\output\groundtruth\TUW-257870.pdf"")";"=HYPERLINK(""D:\Java\git\MethodDemosGit-0.5.6\MethodDemos\output\result\result-TUW-257870-xstream.xml"")";"=HYPERLINK(""D:\Java\git\MethodDemosGit-0.5.6\MethodDemos\output\extracted\parscit\parscit-TUW-257870-xstream.xml"")";"Beiträge in Tagungsbänden";"100,00";"0,00";"NA";"0,00";"40,00";"0,00";"0,00";"0,00";"0,00";"0,00";"NA";"NA";"NA";"NA";"0,00";"NA";"50,00";"NA";"0,00";"100,00";"69,05";"23,85";"22,31"
