"path";"PDF";"original";"extracted";"PublicationType";"Title";"Publicationtype";"Abstract";"Keywords";"Authors";"Emails";"Author-Emails";"Affiliations";"Author-Affiliations";"Source";"Volume";"Issue";"Page from";"Page to";"Location";"Date";"Doi";"Sections";"Section-Levels";"Section-References";"References";"Precision";"Recall";"F1"
"TUW-137078";"=HYPERLINK(""D:\Java\git\MethodDemosGit-0.4.4\MethodDemos\output\groundtruth\TUW-137078.pdf"")";"=HYPERLINK(""D:\Java\git\MethodDemosGit-0.4.4\MethodDemos\output\result\result-TUW-137078-xstream.xml"")";"=HYPERLINK(""D:\Java\git\MethodDemosGit-0.4.4\MethodDemos\output\extracted\grobid\grobid-TUW-137078-xstream.xml"")";"Beiträge in Tagungsbänden";"100,00";"100,00";"100,00";"100,00";"100,00";"66,67";"66,67";"100,00";"100,00";"NA";"NA";"NA";"NA";"NA";"NA";"NA";"NA";"100,00";"NA";"66,67";"100,00";"100,00";"87,50";"91,67"
"TUW-138011";"=HYPERLINK(""D:\Java\git\MethodDemosGit-0.4.4\MethodDemos\output\groundtruth\TUW-138011.pdf"")";"=HYPERLINK(""D:\Java\git\MethodDemosGit-0.4.4\MethodDemos\output\result\result-TUW-138011-xstream.xml"")";"=HYPERLINK(""D:\Java\git\MethodDemosGit-0.4.4\MethodDemos\output\extracted\grobid\grobid-TUW-138011-xstream.xml"")";"Beiträge in Tagungsbänden";"100,00";"100,00";"100,00";"NA";"88,89";"0,00";"0,00";"100,00";"80,00";"NA";"NA";"NA";"NA";"NA";"NA";"NA";"NA";"100,00";"100,00";"100,00";"95,24";"80,91";"80,00";"80,34"
"TUW-138447";"=HYPERLINK(""D:\Java\git\MethodDemosGit-0.4.4\MethodDemos\output\groundtruth\TUW-138447.pdf"")";"=HYPERLINK(""D:\Java\git\MethodDemosGit-0.4.4\MethodDemos\output\result\result-TUW-138447-xstream.xml"")";"=HYPERLINK(""D:\Java\git\MethodDemosGit-0.4.4\MethodDemos\output\extracted\grobid\grobid-TUW-138447-xstream.xml"")";"Zeitschriftenartikel";"0,00";"0,00";"100,00";"66,67";"100,00";"NA";"NA";"100,00";"100,00";"NA";"NA";"NA";"NA";"NA";"NA";"NA";"NA";"75,00";"85,71";"0,00";"97,56";"83,07";"64,39";"65,90"
"TUW-138544";"=HYPERLINK(""D:\Java\git\MethodDemosGit-0.4.4\MethodDemos\output\groundtruth\TUW-138544.pdf"")";"=HYPERLINK(""D:\Java\git\MethodDemosGit-0.4.4\MethodDemos\output\result\result-TUW-138544-xstream.xml"")";"=HYPERLINK(""D:\Java\git\MethodDemosGit-0.4.4\MethodDemos\output\extracted\grobid\grobid-TUW-138544-xstream.xml"")";"Beiträge in Tagungsbänden";"100,00";"100,00";"100,00";"NA";"100,00";"0,00";"0,00";"100,00";"100,00";"NA";"NA";"NA";"NA";"NA";"NA";"NA";"NA";"76,92";"80,00";"0,00";"71,43";"84,57";"67,86";"69,03"
"TUW-138547";"=HYPERLINK(""D:\Java\git\MethodDemosGit-0.4.4\MethodDemos\output\groundtruth\TUW-138547.pdf"")";"=HYPERLINK(""D:\Java\git\MethodDemosGit-0.4.4\MethodDemos\output\result\result-TUW-138547-xstream.xml"")";"=HYPERLINK(""D:\Java\git\MethodDemosGit-0.4.4\MethodDemos\output\extracted\grobid\grobid-TUW-138547-xstream.xml"")";"Beiträge in Tagungsbänden";"100,00";"100,00";"100,00";"NA";"100,00";"100,00";"100,00";"100,00";"100,00";"NA";"NA";"NA";"NA";"NA";"NA";"NA";"NA";"96,00";"96,30";"0,00";"71,43";"89,29";"88,05";"88,64"
"TUW-139299";"=HYPERLINK(""D:\Java\git\MethodDemosGit-0.4.4\MethodDemos\output\groundtruth\TUW-139299.pdf"")";"=HYPERLINK(""D:\Java\git\MethodDemosGit-0.4.4\MethodDemos\output\result\result-TUW-139299-xstream.xml"")";"=HYPERLINK(""D:\Java\git\MethodDemosGit-0.4.4\MethodDemos\output\extracted\grobid\grobid-TUW-139299-xstream.xml"")";"Zeitschriftenartikel";"100,00";"0,00";"100,00";"NA";"100,00";"NA";"NA";"NA";"NA";"NA";"NA";"NA";"NA";"NA";"NA";"0,00";"NA";"83,33";"90,91";"0,00";"90,91";"63,80";"69,70";"62,79"
"TUW-139761";"=HYPERLINK(""D:\Java\git\MethodDemosGit-0.4.4\MethodDemos\output\groundtruth\TUW-139761.pdf"")";"=HYPERLINK(""D:\Java\git\MethodDemosGit-0.4.4\MethodDemos\output\result\result-TUW-139761-xstream.xml"")";"=HYPERLINK(""D:\Java\git\MethodDemosGit-0.4.4\MethodDemos\output\extracted\grobid\grobid-TUW-139761-xstream.xml"")";"Diplom- oder Masterarbeiten";"100,00";"0,00";"0,00";"NA";"40,00";"NA";"NA";"100,00";"40,00";"NA";"NA";"NA";"NA";"NA";"NA";"NA";"NA";"83,20";"83,33";"0,00";"81,93";"56,74";"64,79";"52,85"
"TUW-139769";"=HYPERLINK(""D:\Java\git\MethodDemosGit-0.4.4\MethodDemos\output\groundtruth\TUW-139769.pdf"")";"=HYPERLINK(""D:\Java\git\MethodDemosGit-0.4.4\MethodDemos\output\result\result-TUW-139769-xstream.xml"")";"=HYPERLINK(""D:\Java\git\MethodDemosGit-0.4.4\MethodDemos\output\extracted\grobid\grobid-TUW-139769-xstream.xml"")";"Diplom- oder Masterarbeiten";"100,00";"0,00";"0,00";"NA";"0,00";"NA";"NA";"100,00";"0,00";"NA";"NA";"NA";"NA";"NA";"NA";"NA";"NA";"87,72";"84,66";"55,81";"100,00";"56,23";"50,47";"52,82"
"TUW-139781";"=HYPERLINK(""D:\Java\git\MethodDemosGit-0.4.4\MethodDemos\output\groundtruth\TUW-139781.pdf"")";"=HYPERLINK(""D:\Java\git\MethodDemosGit-0.4.4\MethodDemos\output\result\result-TUW-139781-xstream.xml"")";"=HYPERLINK(""D:\Java\git\MethodDemosGit-0.4.4\MethodDemos\output\extracted\grobid\grobid-TUW-139781-xstream.xml"")";"Beiträge in Tagungsbänden";"100,00";"100,00";"NA";"NA";"100,00";"NA";"NA";"100,00";"100,00";"0,00";"NA";"NA";"NA";"NA";"0,00";"0,00";"NA";"85,71";"92,31";"85,71";"100,00";"98,41";"70,54";"71,98"
"TUW-139785";"=HYPERLINK(""D:\Java\git\MethodDemosGit-0.4.4\MethodDemos\output\groundtruth\TUW-139785.pdf"")";"=HYPERLINK(""D:\Java\git\MethodDemosGit-0.4.4\MethodDemos\output\result\result-TUW-139785-xstream.xml"")";"=HYPERLINK(""D:\Java\git\MethodDemosGit-0.4.4\MethodDemos\output\extracted\grobid\grobid-TUW-139785-xstream.xml"")";"Diplom- oder Masterarbeiten";"100,00";"0,00";"0,00";"NA";"0,00";"NA";"NA";"100,00";"0,00";"NA";"NA";"NA";"NA";"NA";"NA";"NA";"NA";"82,99";"90,91";"0,00";"83,81";"45,26";"46,83";"45,77"
"TUW-140047";"=HYPERLINK(""D:\Java\git\MethodDemosGit-0.4.4\MethodDemos\output\groundtruth\TUW-140047.pdf"")";"=HYPERLINK(""D:\Java\git\MethodDemosGit-0.4.4\MethodDemos\output\result\result-TUW-140047-xstream.xml"")";"=HYPERLINK(""D:\Java\git\MethodDemosGit-0.4.4\MethodDemos\output\extracted\grobid\grobid-TUW-140047-xstream.xml"")";"Beiträge in Tagungsbänden";"100,00";"100,00";"100,00";"NA";"100,00";"NA";"NA";"100,00";"100,00";"NA";"NA";"NA";"NA";"NA";"NA";"NA";"NA";"94,12";"82,35";"40,00";"100,00";"92,12";"91,57";"91,65"
"TUW-140048";"=HYPERLINK(""D:\Java\git\MethodDemosGit-0.4.4\MethodDemos\output\groundtruth\TUW-140048.pdf"")";"=HYPERLINK(""D:\Java\git\MethodDemosGit-0.4.4\MethodDemos\output\result\result-TUW-140048-xstream.xml"")";"=HYPERLINK(""D:\Java\git\MethodDemosGit-0.4.4\MethodDemos\output\extracted\grobid\grobid-TUW-140048-xstream.xml"")";"Beiträge in Tagungsbänden";"100,00";"100,00";"100,00";"NA";"100,00";"66,67";"66,67";"100,00";"100,00";"NA";"NA";"NA";"NA";"NA";"NA";"NA";"NA";"81,25";"92,31";"0,00";"96,30";"97,21";"81,03";"83,60"
"TUW-140229";"=HYPERLINK(""D:\Java\git\MethodDemosGit-0.4.4\MethodDemos\output\groundtruth\TUW-140229.pdf"")";"=HYPERLINK(""D:\Java\git\MethodDemosGit-0.4.4\MethodDemos\output\result\result-TUW-140229-xstream.xml"")";"=HYPERLINK(""D:\Java\git\MethodDemosGit-0.4.4\MethodDemos\output\extracted\grobid\grobid-TUW-140229-xstream.xml"")";"Beiträge in Tagungsbänden";"100,00";"100,00";"0,00";"NA";"66,67";"66,67";"66,67";"100,00";"50,00";"NA";"NA";"NA";"NA";"NA";"NA";"NA";"NA";"61,54";"66,67";"0,00";"100,00";"72,82";"61,11";"64,85"
"TUW-140253";"=HYPERLINK(""D:\Java\git\MethodDemosGit-0.4.4\MethodDemos\output\groundtruth\TUW-140253.pdf"")";"=HYPERLINK(""D:\Java\git\MethodDemosGit-0.4.4\MethodDemos\output\result\result-TUW-140253-xstream.xml"")";"=HYPERLINK(""D:\Java\git\MethodDemosGit-0.4.4\MethodDemos\output\extracted\grobid\grobid-TUW-140253-xstream.xml"")";"Beiträge in Tagungsbänden";"100,00";"100,00";"100,00";"100,00";"100,00";"100,00";"100,00";"100,00";"100,00";"NA";"NA";"NA";"NA";"NA";"NA";"NA";"NA";"92,31";"92,31";"66,67";"87,50";"98,29";"93,96";"95,29"
"TUW-140308";"=HYPERLINK(""D:\Java\git\MethodDemosGit-0.4.4\MethodDemos\output\groundtruth\TUW-140308.pdf"")";"=HYPERLINK(""D:\Java\git\MethodDemosGit-0.4.4\MethodDemos\output\result\result-TUW-140308-xstream.xml"")";"=HYPERLINK(""D:\Java\git\MethodDemosGit-0.4.4\MethodDemos\output\extracted\grobid\grobid-TUW-140308-xstream.xml"")";"Zeitschriftenartikel";"100,00";"0,00";"100,00";"NA";"100,00";"100,00";"100,00";"100,00";"100,00";"0,00";"NA";"NA";"0,00";"0,00";"NA";"NA";"NA";"85,71";"96,00";"40,00";"100,00";"85,83";"67,86";"68,11"
"TUW-140533";"=HYPERLINK(""D:\Java\git\MethodDemosGit-0.4.4\MethodDemos\output\groundtruth\TUW-140533.pdf"")";"=HYPERLINK(""D:\Java\git\MethodDemosGit-0.4.4\MethodDemos\output\result\result-TUW-140533-xstream.xml"")";"=HYPERLINK(""D:\Java\git\MethodDemosGit-0.4.4\MethodDemos\output\extracted\grobid\grobid-TUW-140533-xstream.xml"")";"Diplom- oder Masterarbeiten";"100,00";"0,00";"0,00";"NA";"0,00";"NA";"NA";"0,00";"0,00";"NA";"NA";"NA";"NA";"NA";"0,00";"0,00";"NA";"62,20";"95,83";"0,00";"100,00";"40,30";"29,48";"29,84"
"TUW-140867";"=HYPERLINK(""D:\Java\git\MethodDemosGit-0.4.4\MethodDemos\output\groundtruth\TUW-140867.pdf"")";"=HYPERLINK(""D:\Java\git\MethodDemosGit-0.4.4\MethodDemos\output\result\result-TUW-140867-xstream.xml"")";"=HYPERLINK(""D:\Java\git\MethodDemosGit-0.4.4\MethodDemos\output\extracted\grobid\grobid-TUW-140867-xstream.xml"")";"Beiträge in Tagungsbänden";"100,00";"100,00";"100,00";"0,00";"100,00";"NA";"NA";"100,00";"100,00";"0,00";"NA";"NA";"NA";"NA";"NA";"0,00";"NA";"53,33";"100,00";"80,00";"100,00";"91,67";"73,63";"71,79"
"TUW-140895";"=HYPERLINK(""D:\Java\git\MethodDemosGit-0.4.4\MethodDemos\output\groundtruth\TUW-140895.pdf"")";"=HYPERLINK(""D:\Java\git\MethodDemosGit-0.4.4\MethodDemos\output\result\result-TUW-140895-xstream.xml"")";"=HYPERLINK(""D:\Java\git\MethodDemosGit-0.4.4\MethodDemos\output\extracted\grobid\grobid-TUW-140895-xstream.xml"")";"Diplom- oder Masterarbeiten";"100,00";"0,00";"0,00";"NA";"0,00";"NA";"NA";"100,00";"0,00";"NA";"NA";"NA";"NA";"NA";"0,00";"0,00";"NA";"92,31";"97,30";"63,16";"100,00";"57,57";"44,96";"46,06"
"TUW-140983";"=HYPERLINK(""D:\Java\git\MethodDemosGit-0.4.4\MethodDemos\output\groundtruth\TUW-140983.pdf"")";"=HYPERLINK(""D:\Java\git\MethodDemosGit-0.4.4\MethodDemos\output\result\result-TUW-140983-xstream.xml"")";"=HYPERLINK(""D:\Java\git\MethodDemosGit-0.4.4\MethodDemos\output\extracted\grobid\grobid-TUW-140983-xstream.xml"")";"Beiträge in Tagungsbänden";"100,00";"100,00";"100,00";"0,00";"100,00";"40,00";"40,00";"100,00";"100,00";"0,00";"NA";"NA";"NA";"NA";"0,00";"NA";"NA";"100,00";"100,00";"0,00";"88,89";"81,67";"64,44";"64,59"
"TUW-141024";"=HYPERLINK(""D:\Java\git\MethodDemosGit-0.4.4\MethodDemos\output\groundtruth\TUW-141024.pdf"")";"=HYPERLINK(""D:\Java\git\MethodDemosGit-0.4.4\MethodDemos\output\result\result-TUW-141024-xstream.xml"")";"=HYPERLINK(""D:\Java\git\MethodDemosGit-0.4.4\MethodDemos\output\extracted\grobid\grobid-TUW-141024-xstream.xml"")";"Beiträge in Tagungsbänden";"100,00";"100,00";"100,00";"NA";"100,00";"NA";"NA";"100,00";"100,00";"NA";"NA";"NA";"NA";"NA";"NA";"NA";"NA";"80,00";"100,00";"40,00";"100,00";"90,67";"94,00";"92,00"
"TUW-141065";"=HYPERLINK(""D:\Java\git\MethodDemosGit-0.4.4\MethodDemos\output\groundtruth\TUW-141065.pdf"")";"=HYPERLINK(""D:\Java\git\MethodDemosGit-0.4.4\MethodDemos\output\result\result-TUW-141065-xstream.xml"")";"=HYPERLINK(""D:\Java\git\MethodDemosGit-0.4.4\MethodDemos\output\extracted\grobid\grobid-TUW-141065-xstream.xml"")";"Beiträge in Tagungsbänden";"100,00";"100,00";"100,00";"NA";"100,00";"66,67";"66,67";"100,00";"100,00";"NA";"NA";"NA";"NA";"NA";"NA";"NA";"NA";"100,00";"100,00";"57,14";"100,00";"91,67";"90,28";"90,87"
"TUW-141121";"=HYPERLINK(""D:\Java\git\MethodDemosGit-0.4.4\MethodDemos\output\groundtruth\TUW-141121.pdf"")";"=HYPERLINK(""D:\Java\git\MethodDemosGit-0.4.4\MethodDemos\output\result\result-TUW-141121-xstream.xml"")";"=HYPERLINK(""D:\Java\git\MethodDemosGit-0.4.4\MethodDemos\output\extracted\grobid\grobid-TUW-141121-xstream.xml"")";"Beiträge in Tagungsbänden";"100,00";"100,00";"100,00";"NA";"100,00";"100,00";"100,00";"100,00";"100,00";"NA";"NA";"NA";"NA";"NA";"NA";"NA";"NA";"100,00";"100,00";"100,00";"100,00";"100,00";"100,00";"100,00"
"TUW-141140";"=HYPERLINK(""D:\Java\git\MethodDemosGit-0.4.4\MethodDemos\output\groundtruth\TUW-141140.pdf"")";"=HYPERLINK(""D:\Java\git\MethodDemosGit-0.4.4\MethodDemos\output\result\result-TUW-141140-xstream.xml"")";"=HYPERLINK(""D:\Java\git\MethodDemosGit-0.4.4\MethodDemos\output\extracted\grobid\grobid-TUW-141140-xstream.xml"")";"Beiträge in Tagungsbänden";"100,00";"100,00";"100,00";"NA";"100,00";"NA";"NA";"100,00";"100,00";"NA";"NA";"NA";"NA";"NA";"NA";"NA";"NA";"78,57";"100,00";"0,00";"100,00";"86,47";"90,00";"87,86"
"TUW-141336";"=HYPERLINK(""D:\Java\git\MethodDemosGit-0.4.4\MethodDemos\output\groundtruth\TUW-141336.pdf"")";"=HYPERLINK(""D:\Java\git\MethodDemosGit-0.4.4\MethodDemos\output\result\result-TUW-141336-xstream.xml"")";"=HYPERLINK(""D:\Java\git\MethodDemosGit-0.4.4\MethodDemos\output\extracted\grobid\grobid-TUW-141336-xstream.xml"")";"Zeitschriftenartikel";"100,00";"0,00";"100,00";"NA";"50,00";"50,00";"50,00";"0,00";"0,00";"100,00";"100,00";"NA";"100,00";"100,00";"NA";"0,00";"NA";"84,62";"100,00";"80,00";"100,00";"74,90";"66,67";"65,57"
"TUW-141618";"=HYPERLINK(""D:\Java\git\MethodDemosGit-0.4.4\MethodDemos\output\groundtruth\TUW-141618.pdf"")";"=HYPERLINK(""D:\Java\git\MethodDemosGit-0.4.4\MethodDemos\output\result\result-TUW-141618-xstream.xml"")";"=HYPERLINK(""D:\Java\git\MethodDemosGit-0.4.4\MethodDemos\output\extracted\grobid\grobid-TUW-141618-xstream.xml"")";"Buchbeiträge";"100,00";"0,00";"100,00";"NA";"100,00";"NA";"NA";"100,00";"33,33";"NA";"NA";"NA";"NA";"NA";"NA";"NA";"NA";"41,67";"100,00";"15,38";"98,67";"68,48";"75,00";"68,90"
"TUW-141758";"=HYPERLINK(""D:\Java\git\MethodDemosGit-0.4.4\MethodDemos\output\groundtruth\TUW-141758.pdf"")";"=HYPERLINK(""D:\Java\git\MethodDemosGit-0.4.4\MethodDemos\output\result\result-TUW-141758-xstream.xml"")";"=HYPERLINK(""D:\Java\git\MethodDemosGit-0.4.4\MethodDemos\output\extracted\grobid\grobid-TUW-141758-xstream.xml"")";"Diplom- oder Masterarbeiten";"100,00";"0,00";"100,00";"NA";"100,00";"NA";"NA";"100,00";"100,00";"NA";"NA";"NA";"NA";"NA";"0,00";"0,00";"NA";"81,12";"90,00";"0,00";"85,18";"67,15";"70,81";"63,03"
"TUW-168222";"=HYPERLINK(""D:\Java\git\MethodDemosGit-0.4.4\MethodDemos\output\groundtruth\TUW-168222.pdf"")";"=HYPERLINK(""D:\Java\git\MethodDemosGit-0.4.4\MethodDemos\output\result\result-TUW-168222-xstream.xml"")";"=HYPERLINK(""D:\Java\git\MethodDemosGit-0.4.4\MethodDemos\output\extracted\grobid\grobid-TUW-168222-xstream.xml"")";"Beiträge in Tagungsbänden";"100,00";"100,00";"0,00";"NA";"100,00";"100,00";"100,00";"100,00";"100,00";"NA";"NA";"NA";"NA";"NA";"NA";"NA";"NA";"0,00";"0,00";"0,00";"0,00";"77,78";"58,33";"58,33"
"TUW-168482";"=HYPERLINK(""D:\Java\git\MethodDemosGit-0.4.4\MethodDemos\output\groundtruth\TUW-168482.pdf"")";"=HYPERLINK(""D:\Java\git\MethodDemosGit-0.4.4\MethodDemos\output\result\result-TUW-168482-xstream.xml"")";"=HYPERLINK(""D:\Java\git\MethodDemosGit-0.4.4\MethodDemos\output\extracted\grobid\grobid-TUW-168482-xstream.xml"")";"Diplom- oder Masterarbeiten";"0,00";"0,00";"0,00";"NA";"80,00";"NA";"NA";"0,00";"0,00";"NA";"NA";"NA";"NA";"NA";"0,00";"0,00";"NA";"79,28";"69,56";"0,00";"79,41";"30,21";"30,18";"25,69"
"TUW-169511";"=HYPERLINK(""D:\Java\git\MethodDemosGit-0.4.4\MethodDemos\output\groundtruth\TUW-169511.pdf"")";"=HYPERLINK(""D:\Java\git\MethodDemosGit-0.4.4\MethodDemos\output\result\result-TUW-169511-xstream.xml"")";"=HYPERLINK(""D:\Java\git\MethodDemosGit-0.4.4\MethodDemos\output\extracted\grobid\grobid-TUW-169511-xstream.xml"")";"Beiträge in Tagungsbänden";"100,00";"100,00";"NA";"NA";"100,00";"66,67";"66,67";"66,67";"75,00";"NA";"NA";"NA";"NA";"NA";"NA";"NA";"NA";"100,00";"100,00";"100,00";"100,00";"94,70";"85,61";"88,64"
"TUW-172697";"=HYPERLINK(""D:\Java\git\MethodDemosGit-0.4.4\MethodDemos\output\groundtruth\TUW-172697.pdf"")";"=HYPERLINK(""D:\Java\git\MethodDemosGit-0.4.4\MethodDemos\output\result\result-TUW-172697-xstream.xml"")";"=HYPERLINK(""D:\Java\git\MethodDemosGit-0.4.4\MethodDemos\output\extracted\grobid\grobid-TUW-172697-xstream.xml"")";"Beiträge in Tagungsbänden";"0,00";"100,00";"0,00";"75,00";"100,00";"NA";"NA";"100,00";"100,00";"0,00";"NA";"NA";"NA";"NA";"0,00";"0,00";"NA";"66,67";"NA";"0,00";"85,71";"66,67";"51,92";"48,26"
"TUW-174216";"=HYPERLINK(""D:\Java\git\MethodDemosGit-0.4.4\MethodDemos\output\groundtruth\TUW-174216.pdf"")";"=HYPERLINK(""D:\Java\git\MethodDemosGit-0.4.4\MethodDemos\output\result\result-TUW-174216-xstream.xml"")";"=HYPERLINK(""D:\Java\git\MethodDemosGit-0.4.4\MethodDemos\output\extracted\grobid\grobid-TUW-174216-xstream.xml"")";"Zeitschriftenartikel";"100,00";"0,00";"100,00";"88,89";"100,00";"NA";"NA";"100,00";"100,00";"100,00";"100,00";"100,00";"100,00";"100,00";"NA";"100,00";"NA";"84,21";"94,12";"0,00";"57,14";"85,56";"82,91";"83,79"
"TUW-175428";"=HYPERLINK(""D:\Java\git\MethodDemosGit-0.4.4\MethodDemos\output\groundtruth\TUW-175428.pdf"")";"=HYPERLINK(""D:\Java\git\MethodDemosGit-0.4.4\MethodDemos\output\result\result-TUW-175428-xstream.xml"")";"=HYPERLINK(""D:\Java\git\MethodDemosGit-0.4.4\MethodDemos\output\extracted\grobid\grobid-TUW-175428-xstream.xml"")";"Diplom- oder Masterarbeiten";"0,00";"0,00";"0,00";"NA";"0,00";"NA";"NA";"0,00";"0,00";"NA";"NA";"NA";"NA";"NA";"0,00";"0,00";"NA";"66,67";"73,85";"15,38";"100,00";"62,38";"18,94";"21,32"
"TUW-176087";"=HYPERLINK(""D:\Java\git\MethodDemosGit-0.4.4\MethodDemos\output\groundtruth\TUW-176087.pdf"")";"=HYPERLINK(""D:\Java\git\MethodDemosGit-0.4.4\MethodDemos\output\result\result-TUW-176087-xstream.xml"")";"=HYPERLINK(""D:\Java\git\MethodDemosGit-0.4.4\MethodDemos\output\extracted\grobid\grobid-TUW-176087-xstream.xml"")";"Buchbeiträge";"100,00";"0,00";"100,00";"100,00";"100,00";"0,00";"0,00";"83,33";"75,00";"NA";"NA";"NA";"NA";"NA";"NA";"NA";"NA";"100,00";"100,00";"66,67";"96,55";"87,12";"69,36";"70,89"
"TUW-177140";"=HYPERLINK(""D:\Java\git\MethodDemosGit-0.4.4\MethodDemos\output\groundtruth\TUW-177140.pdf"")";"=HYPERLINK(""D:\Java\git\MethodDemosGit-0.4.4\MethodDemos\output\result\result-TUW-177140-xstream.xml"")";"=HYPERLINK(""D:\Java\git\MethodDemosGit-0.4.4\MethodDemos\output\extracted\grobid\grobid-TUW-177140-xstream.xml"")";"Beiträge in Tagungsbänden";"100,00";"100,00";"0,00";"NA";"100,00";"100,00";"100,00";"100,00";"100,00";"NA";"NA";"NA";"NA";"NA";"NA";"NA";"NA";"66,67";"66,67";"57,14";"100,00";"87,50";"80,00";"82,54"
"TUW-179146";"=HYPERLINK(""D:\Java\git\MethodDemosGit-0.4.4\MethodDemos\output\groundtruth\TUW-179146.pdf"")";"=HYPERLINK(""D:\Java\git\MethodDemosGit-0.4.4\MethodDemos\output\result\result-TUW-179146-xstream.xml"")";"=HYPERLINK(""D:\Java\git\MethodDemosGit-0.4.4\MethodDemos\output\extracted\grobid\grobid-TUW-179146-xstream.xml"")";"Beiträge in Tagungsbänden";"100,00";"100,00";"100,00";"NA";"100,00";"NA";"NA";"66,67";"66,67";"NA";"NA";"NA";"NA";"NA";"NA";"NA";"NA";"100,00";"100,00";"90,91";"100,00";"96,67";"90,00";"92,42"
"TUW-180162";"=HYPERLINK(""D:\Java\git\MethodDemosGit-0.4.4\MethodDemos\output\groundtruth\TUW-180162.pdf"")";"=HYPERLINK(""D:\Java\git\MethodDemosGit-0.4.4\MethodDemos\output\result\result-TUW-180162-xstream.xml"")";"=HYPERLINK(""D:\Java\git\MethodDemosGit-0.4.4\MethodDemos\output\extracted\grobid\grobid-TUW-180162-xstream.xml"")";"Beiträge in Tagungsbänden";"0,00";"100,00";"100,00";"NA";"100,00";"50,00";"50,00";"50,00";"66,67";"NA";"NA";"NA";"NA";"NA";"NA";"NA";"NA";"93,33";"100,00";"80,00";"100,00";"95,15";"69,51";"74,17"
"TUW-181199";"=HYPERLINK(""D:\Java\git\MethodDemosGit-0.4.4\MethodDemos\output\groundtruth\TUW-181199.pdf"")";"=HYPERLINK(""D:\Java\git\MethodDemosGit-0.4.4\MethodDemos\output\result\result-TUW-181199-xstream.xml"")";"=HYPERLINK(""D:\Java\git\MethodDemosGit-0.4.4\MethodDemos\output\extracted\grobid\grobid-TUW-181199-xstream.xml"")";"Beiträge in Tagungsbänden";"100,00";"100,00";"100,00";"NA";"100,00";"66,67";"66,67";"100,00";"100,00";"NA";"NA";"NA";"NA";"NA";"NA";"NA";"NA";"90,91";"90,91";"85,71";"100,00";"91,67";"95,14";"91,74"
"TUW-182414";"=HYPERLINK(""D:\Java\git\MethodDemosGit-0.4.4\MethodDemos\output\groundtruth\TUW-182414.pdf"")";"=HYPERLINK(""D:\Java\git\MethodDemosGit-0.4.4\MethodDemos\output\result\result-TUW-182414-xstream.xml"")";"=HYPERLINK(""D:\Java\git\MethodDemosGit-0.4.4\MethodDemos\output\extracted\grobid\grobid-TUW-182414-xstream.xml"")";"Zeitschriftenartikel";"100,00";"0,00";"0,00";"NA";"80,00";"100,00";"100,00";"66,67";"40,00";"NA";"NA";"NA";"NA";"NA";"NA";"NA";"NA";"57,14";"66,67";"0,00";"70,59";"70,91";"54,08";"56,75"
"TUW-182899";"=HYPERLINK(""D:\Java\git\MethodDemosGit-0.4.4\MethodDemos\output\groundtruth\TUW-182899.pdf"")";"=HYPERLINK(""D:\Java\git\MethodDemosGit-0.4.4\MethodDemos\output\result\result-TUW-182899-xstream.xml"")";"=HYPERLINK(""D:\Java\git\MethodDemosGit-0.4.4\MethodDemos\output\extracted\grobid\grobid-TUW-182899-xstream.xml"")";"Zeitschriftenartikel";"0,00";"0,00";"100,00";"57,14";"66,67";"66,67";"66,67";"100,00";"33,33";"NA";"NA";"NA";"NA";"NA";"NA";"NA";"NA";"100,00";"100,00";"78,26";"100,00";"76,15";"61,74";"66,83"
"TUW-185321";"=HYPERLINK(""D:\Java\git\MethodDemosGit-0.4.4\MethodDemos\output\groundtruth\TUW-185321.pdf"")";"=HYPERLINK(""D:\Java\git\MethodDemosGit-0.4.4\MethodDemos\output\result\result-TUW-185321-xstream.xml"")";"=HYPERLINK(""D:\Java\git\MethodDemosGit-0.4.4\MethodDemos\output\extracted\grobid\grobid-TUW-185321-xstream.xml"")";"Beiträge in Tagungsbänden";"100,00";"100,00";"0,00";"NA";"40,00";"NA";"NA";"100,00";"40,00";"NA";"NA";"NA";"NA";"NA";"NA";"NA";"NA";"88,89";"NA";"0,00";"100,00";"68,33";"66,67";"63,21"
"TUW-185441";"=HYPERLINK(""D:\Java\git\MethodDemosGit-0.4.4\MethodDemos\output\groundtruth\TUW-185441.pdf"")";"=HYPERLINK(""D:\Java\git\MethodDemosGit-0.4.4\MethodDemos\output\result\result-TUW-185441-xstream.xml"")";"=HYPERLINK(""D:\Java\git\MethodDemosGit-0.4.4\MethodDemos\output\extracted\grobid\grobid-TUW-185441-xstream.xml"")";"Beiträge in Tagungsbänden";"100,00";"100,00";"0,00";"NA";"100,00";"NA";"NA";"100,00";"100,00";"NA";"NA";"NA";"NA";"NA";"NA";"NA";"NA";"42,86";"0,00";"0,00";"100,00";"71,43";"64,29";"64,29"
"TUW-186227";"=HYPERLINK(""D:\Java\git\MethodDemosGit-0.4.4\MethodDemos\output\groundtruth\TUW-186227.pdf"")";"=HYPERLINK(""D:\Java\git\MethodDemosGit-0.4.4\MethodDemos\output\result\result-TUW-186227-xstream.xml"")";"=HYPERLINK(""D:\Java\git\MethodDemosGit-0.4.4\MethodDemos\output\extracted\grobid\grobid-TUW-186227-xstream.xml"")";"Beiträge in Tagungsbänden";"100,00";"100,00";"0,00";"NA";"100,00";"NA";"NA";"100,00";"100,00";"NA";"NA";"NA";"NA";"NA";"NA";"NA";"NA";"28,57";"0,00";"50,00";"100,00";"75,40";"67,86";"67,86"
"TUW-189842";"=HYPERLINK(""D:\Java\git\MethodDemosGit-0.4.4\MethodDemos\output\groundtruth\TUW-189842.pdf"")";"=HYPERLINK(""D:\Java\git\MethodDemosGit-0.4.4\MethodDemos\output\result\result-TUW-189842-xstream.xml"")";"=HYPERLINK(""D:\Java\git\MethodDemosGit-0.4.4\MethodDemos\output\extracted\grobid\grobid-TUW-189842-xstream.xml"")";"Beiträge in Tagungsbänden";"0,00";"100,00";"100,00";"0,00";"21,43";"0,00";"0,00";"18,18";"0,00";"0,00";"NA";"NA";"NA";"NA";"0,00";"NA";"NA";"85,71";"NA";"100,00";"80,00";"55,56";"37,95";"36,09"
"TUW-191715";"=HYPERLINK(""D:\Java\git\MethodDemosGit-0.4.4\MethodDemos\output\groundtruth\TUW-191715.pdf"")";"=HYPERLINK(""D:\Java\git\MethodDemosGit-0.4.4\MethodDemos\output\result\result-TUW-191715-xstream.xml"")";"=HYPERLINK(""D:\Java\git\MethodDemosGit-0.4.4\MethodDemos\output\extracted\grobid\grobid-TUW-191715-xstream.xml"")";"Zeitschriftenartikel";"100,00";"0,00";"100,00";"72,73";"100,00";"NA";"NA";"100,00";"100,00";"NA";"NA";"NA";"NA";"NA";"NA";"NA";"NA";"97,67";"97,67";"15,38";"98,51";"79,21";"81,30";"80,18"
"TUW-191977";"=HYPERLINK(""D:\Java\git\MethodDemosGit-0.4.4\MethodDemos\output\groundtruth\TUW-191977.pdf"")";"=HYPERLINK(""D:\Java\git\MethodDemosGit-0.4.4\MethodDemos\output\result\result-TUW-191977-xstream.xml"")";"=HYPERLINK(""D:\Java\git\MethodDemosGit-0.4.4\MethodDemos\output\extracted\grobid\grobid-TUW-191977-xstream.xml"")";"Beiträge in Tagungsbänden";"100,00";"100,00";"0,00";"NA";"100,00";"100,00";"100,00";"100,00";"100,00";"NA";"NA";"NA";"NA";"NA";"NA";"NA";"NA";"100,00";"100,00";"100,00";"100,00";"91,67";"91,67";"91,67"
"TUW-192724";"=HYPERLINK(""D:\Java\git\MethodDemosGit-0.4.4\MethodDemos\output\groundtruth\TUW-192724.pdf"")";"=HYPERLINK(""D:\Java\git\MethodDemosGit-0.4.4\MethodDemos\output\result\result-TUW-192724-xstream.xml"")";"=HYPERLINK(""D:\Java\git\MethodDemosGit-0.4.4\MethodDemos\output\extracted\grobid\grobid-TUW-192724-xstream.xml"")";"Beiträge in Tagungsbänden";"100,00";"100,00";"100,00";"100,00";"100,00";"66,67";"66,67";"100,00";"75,00";"NA";"NA";"NA";"NA";"NA";"NA";"NA";"NA";"100,00";"100,00";"80,00";"100,00";"96,92";"89,74";"91,41"
"TUW-194085";"=HYPERLINK(""D:\Java\git\MethodDemosGit-0.4.4\MethodDemos\output\groundtruth\TUW-194085.pdf"")";"=HYPERLINK(""D:\Java\git\MethodDemosGit-0.4.4\MethodDemos\output\result\result-TUW-194085-xstream.xml"")";"=HYPERLINK(""D:\Java\git\MethodDemosGit-0.4.4\MethodDemos\output\extracted\grobid\grobid-TUW-194085-xstream.xml"")";"Diplom- oder Masterarbeiten";"0,00";"0,00";"0,00";"NA";"40,00";"NA";"NA";"66,67";"0,00";"NA";"NA";"NA";"NA";"NA";"0,00";"100,00";"NA";"80,00";"77,48";"0,00";"97,14";"38,99";"46,33";"38,44"
"TUW-194561";"=HYPERLINK(""D:\Java\git\MethodDemosGit-0.4.4\MethodDemos\output\groundtruth\TUW-194561.pdf"")";"=HYPERLINK(""D:\Java\git\MethodDemosGit-0.4.4\MethodDemos\output\result\result-TUW-194561-xstream.xml"")";"=HYPERLINK(""D:\Java\git\MethodDemosGit-0.4.4\MethodDemos\output\extracted\grobid\grobid-TUW-194561-xstream.xml"")";"Zeitschriftenartikel";"100,00";"0,00";"100,00";"NA";"100,00";"NA";"NA";"0,00";"0,00";"0,00";"0,00";"NA";"100,00";"100,00";"NA";"NA";"100,00";"70,59";"100,00";"66,67";"100,00";"71,50";"68,57";"62,48"
"TUW-194660";"=HYPERLINK(""D:\Java\git\MethodDemosGit-0.4.4\MethodDemos\output\groundtruth\TUW-194660.pdf"")";"=HYPERLINK(""D:\Java\git\MethodDemosGit-0.4.4\MethodDemos\output\result\result-TUW-194660-xstream.xml"")";"=HYPERLINK(""D:\Java\git\MethodDemosGit-0.4.4\MethodDemos\output\extracted\grobid\grobid-TUW-194660-xstream.xml"")";"Beiträge in Tagungsbänden";"100,00";"100,00";"100,00";"NA";"100,00";"NA";"NA";"100,00";"100,00";"NA";"NA";"NA";"NA";"NA";"NA";"NA";"NA";"60,00";"0,00";"0,00";"53,33";"70,00";"74,00";"71,33"
"TUW-197422";"=HYPERLINK(""D:\Java\git\MethodDemosGit-0.4.4\MethodDemos\output\groundtruth\TUW-197422.pdf"")";"=HYPERLINK(""D:\Java\git\MethodDemosGit-0.4.4\MethodDemos\output\result\result-TUW-197422-xstream.xml"")";"=HYPERLINK(""D:\Java\git\MethodDemosGit-0.4.4\MethodDemos\output\extracted\grobid\grobid-TUW-197422-xstream.xml"")";"Beiträge in Tagungsbänden";"100,00";"100,00";"100,00";"NA";"100,00";"NA";"NA";"50,00";"50,00";"100,00";"NA";"NA";"NA";"NA";"NA";"0,00";"NA";"94,74";"94,74";"0,00";"91,67";"81,82";"78,60";"73,43"
"TUW-197852";"=HYPERLINK(""D:\Java\git\MethodDemosGit-0.4.4\MethodDemos\output\groundtruth\TUW-197852.pdf"")";"=HYPERLINK(""D:\Java\git\MethodDemosGit-0.4.4\MethodDemos\output\result\result-TUW-197852-xstream.xml"")";"=HYPERLINK(""D:\Java\git\MethodDemosGit-0.4.4\MethodDemos\output\extracted\grobid\grobid-TUW-197852-xstream.xml"")";"Zeitschriftenartikel";"0,00";"0,00";"100,00";"0,00";"50,00";"NA";"NA";"100,00";"66,67";"100,00";"100,00";"NA";"NA";"NA";"NA";"0,00";"NA";"100,00";"100,00";"0,00";"100,00";"65,28";"69,23";"58,33"
"TUW-198400";"=HYPERLINK(""D:\Java\git\MethodDemosGit-0.4.4\MethodDemos\output\groundtruth\TUW-198400.pdf"")";"=HYPERLINK(""D:\Java\git\MethodDemosGit-0.4.4\MethodDemos\output\result\result-TUW-198400-xstream.xml"")";"=HYPERLINK(""D:\Java\git\MethodDemosGit-0.4.4\MethodDemos\output\extracted\grobid\grobid-TUW-198400-xstream.xml"")";"Beiträge in Tagungsbänden";"100,00";"100,00";"100,00";"NA";"100,00";"100,00";"100,00";"66,67";"66,67";"NA";"NA";"NA";"NA";"NA";"NA";"NA";"NA";"100,00";"100,00";"46,15";"98,18";"93,89";"87,55";"89,81"
"TUW-198401";"=HYPERLINK(""D:\Java\git\MethodDemosGit-0.4.4\MethodDemos\output\groundtruth\TUW-198401.pdf"")";"=HYPERLINK(""D:\Java\git\MethodDemosGit-0.4.4\MethodDemos\output\result\result-TUW-198401-xstream.xml"")";"=HYPERLINK(""D:\Java\git\MethodDemosGit-0.4.4\MethodDemos\output\extracted\grobid\grobid-TUW-198401-xstream.xml"")";"Beiträge in Tagungsbänden";"100,00";"100,00";"100,00";"100,00";"100,00";"100,00";"100,00";"100,00";"100,00";"NA";"NA";"NA";"NA";"NA";"NA";"NA";"NA";"80,00";"80,00";"0,00";"90,91";"92,31";"85,90";"88,53"
"TUW-198405";"=HYPERLINK(""D:\Java\git\MethodDemosGit-0.4.4\MethodDemos\output\groundtruth\TUW-198405.pdf"")";"=HYPERLINK(""D:\Java\git\MethodDemosGit-0.4.4\MethodDemos\output\result\result-TUW-198405-xstream.xml"")";"=HYPERLINK(""D:\Java\git\MethodDemosGit-0.4.4\MethodDemos\output\extracted\grobid\grobid-TUW-198405-xstream.xml"")";"Beiträge in Tagungsbänden";"100,00";"100,00";"100,00";"NA";"100,00";"0,00";"0,00";"0,00";"0,00";"NA";"NA";"NA";"NA";"NA";"NA";"NA";"NA";"76,92";"90,91";"100,00";"100,00";"96,43";"63,89";"63,99"
"TUW-198408";"=HYPERLINK(""D:\Java\git\MethodDemosGit-0.4.4\MethodDemos\output\groundtruth\TUW-198408.pdf"")";"=HYPERLINK(""D:\Java\git\MethodDemosGit-0.4.4\MethodDemos\output\result\result-TUW-198408-xstream.xml"")";"=HYPERLINK(""D:\Java\git\MethodDemosGit-0.4.4\MethodDemos\output\extracted\grobid\grobid-TUW-198408-xstream.xml"")";"Beiträge in Tagungsbänden";"100,00";"100,00";"100,00";"NA";"100,00";"100,00";"100,00";"50,00";"50,00";"NA";"NA";"NA";"NA";"NA";"NA";"NA";"NA";"53,33";"57,14";"0,00";"98,11";"82,47";"75,88";"75,72"
"TUW-200745";"=HYPERLINK(""D:\Java\git\MethodDemosGit-0.4.4\MethodDemos\output\groundtruth\TUW-200745.pdf"")";"=HYPERLINK(""D:\Java\git\MethodDemosGit-0.4.4\MethodDemos\output\result\result-TUW-200745-xstream.xml"")";"=HYPERLINK(""D:\Java\git\MethodDemosGit-0.4.4\MethodDemos\output\extracted\grobid\grobid-TUW-200745-xstream.xml"")";"Diplom- oder Masterarbeiten";"0,00";"0,00";"0,00";"NA";"66,67";"NA";"NA";"100,00";"66,67";"NA";"NA";"NA";"NA";"NA";"0,00";"0,00";"NA";"21,74";"22,86";"0,00";"82,05";"41,96";"35,57";"30,00"
"TUW-200748";"=HYPERLINK(""D:\Java\git\MethodDemosGit-0.4.4\MethodDemos\output\groundtruth\TUW-200748.pdf"")";"=HYPERLINK(""D:\Java\git\MethodDemosGit-0.4.4\MethodDemos\output\result\result-TUW-200748-xstream.xml"")";"=HYPERLINK(""D:\Java\git\MethodDemosGit-0.4.4\MethodDemos\output\extracted\grobid\grobid-TUW-200748-xstream.xml"")";"Diplom- oder Masterarbeiten";"0,00";"0,00";"0,00";"NA";"50,00";"NA";"NA";"100,00";"66,67";"NA";"NA";"NA";"NA";"NA";"0,00";"100,00";"NA";"75,25";"83,02";"83,33";"100,00";"58,28";"60,67";"54,86"
"TUW-200948";"=HYPERLINK(""D:\Java\git\MethodDemosGit-0.4.4\MethodDemos\output\groundtruth\TUW-200948.pdf"")";"=HYPERLINK(""D:\Java\git\MethodDemosGit-0.4.4\MethodDemos\output\result\result-TUW-200948-xstream.xml"")";"=HYPERLINK(""D:\Java\git\MethodDemosGit-0.4.4\MethodDemos\output\extracted\grobid\grobid-TUW-200948-xstream.xml"")";"Zeitschriftenartikel";"100,00";"0,00";"100,00";"NA";"100,00";"100,00";"100,00";"100,00";"100,00";"NA";"NA";"NA";"NA";"NA";"NA";"NA";"NA";"90,91";"100,00";"80,00";"100,00";"88,61";"90,00";"89,24"
"TUW-200950";"=HYPERLINK(""D:\Java\git\MethodDemosGit-0.4.4\MethodDemos\output\groundtruth\TUW-200950.pdf"")";"=HYPERLINK(""D:\Java\git\MethodDemosGit-0.4.4\MethodDemos\output\result\result-TUW-200950-xstream.xml"")";"=HYPERLINK(""D:\Java\git\MethodDemosGit-0.4.4\MethodDemos\output\extracted\grobid\grobid-TUW-200950-xstream.xml"")";"Zeitschriftenartikel";"100,00";"0,00";"100,00";"0,00";"100,00";"80,00";"80,00";"100,00";"100,00";"NA";"NA";"NA";"NA";"NA";"NA";"NA";"NA";"90,00";"100,00";"0,00";"100,00";"81,82";"77,78";"73,08"
"TUW-200959";"=HYPERLINK(""D:\Java\git\MethodDemosGit-0.4.4\MethodDemos\output\groundtruth\TUW-200959.pdf"")";"=HYPERLINK(""D:\Java\git\MethodDemosGit-0.4.4\MethodDemos\output\result\result-TUW-200959-xstream.xml"")";"=HYPERLINK(""D:\Java\git\MethodDemosGit-0.4.4\MethodDemos\output\extracted\grobid\grobid-TUW-200959-xstream.xml"")";"Zeitschriftenartikel";"100,00";"0,00";"100,00";"NA";"100,00";"NA";"NA";"100,00";"100,00";"NA";"NA";"NA";"NA";"NA";"NA";"0,00";"NA";"62,07";"94,74";"40,00";"100,00";"71,35";"74,81";"72,44"
"TUW-201066";"=HYPERLINK(""D:\Java\git\MethodDemosGit-0.4.4\MethodDemos\output\groundtruth\TUW-201066.pdf"")";"=HYPERLINK(""D:\Java\git\MethodDemosGit-0.4.4\MethodDemos\output\result\result-TUW-201066-xstream.xml"")";"=HYPERLINK(""D:\Java\git\MethodDemosGit-0.4.4\MethodDemos\output\extracted\grobid\grobid-TUW-201066-xstream.xml"")";"Beiträge in Tagungsbänden";"100,00";"100,00";"NA";"NA";"100,00";"NA";"NA";"66,67";"0,00";"NA";"NA";"NA";"NA";"NA";"NA";"NA";"NA";"100,00";"100,00";"0,00";"100,00";"81,25";"77,78";"74,07"
"TUW-201160";"=HYPERLINK(""D:\Java\git\MethodDemosGit-0.4.4\MethodDemos\output\groundtruth\TUW-201160.pdf"")";"=HYPERLINK(""D:\Java\git\MethodDemosGit-0.4.4\MethodDemos\output\result\result-TUW-201160-xstream.xml"")";"=HYPERLINK(""D:\Java\git\MethodDemosGit-0.4.4\MethodDemos\output\extracted\grobid\grobid-TUW-201160-xstream.xml"")";"Beiträge in Tagungsbänden";"100,00";"100,00";"NA";"NA";"100,00";"NA";"NA";"66,67";"0,00";"NA";"NA";"NA";"NA";"NA";"NA";"NA";"NA";"100,00";"100,00";"57,14";"100,00";"83,33";"82,22";"80,42"
"TUW-201167";"=HYPERLINK(""D:\Java\git\MethodDemosGit-0.4.4\MethodDemos\output\groundtruth\TUW-201167.pdf"")";"=HYPERLINK(""D:\Java\git\MethodDemosGit-0.4.4\MethodDemos\output\result\result-TUW-201167-xstream.xml"")";"=HYPERLINK(""D:\Java\git\MethodDemosGit-0.4.4\MethodDemos\output\extracted\grobid\grobid-TUW-201167-xstream.xml"")";"Beiträge in Tagungsbänden";"100,00";"100,00";"NA";"NA";"100,00";"0,00";"0,00";"100,00";"100,00";"NA";"NA";"NA";"NA";"NA";"NA";"NA";"NA";"80,00";"80,00";"0,00";"100,00";"72,73";"81,48";"69,09"
"TUW-201821";"=HYPERLINK(""D:\Java\git\MethodDemosGit-0.4.4\MethodDemos\output\groundtruth\TUW-201821.pdf"")";"=HYPERLINK(""D:\Java\git\MethodDemosGit-0.4.4\MethodDemos\output\result\result-TUW-201821-xstream.xml"")";"=HYPERLINK(""D:\Java\git\MethodDemosGit-0.4.4\MethodDemos\output\extracted\grobid\grobid-TUW-201821-xstream.xml"")";"Beiträge in Tagungsbänden";"100,00";"100,00";"100,00";"NA";"100,00";"100,00";"100,00";"100,00";"100,00";"NA";"NA";"NA";"NA";"NA";"NA";"0,00";"NA";"90,91";"100,00";"60,00";"100,00";"87,95";"96,67";"88,53"
"TUW-202034";"=HYPERLINK(""D:\Java\git\MethodDemosGit-0.4.4\MethodDemos\output\groundtruth\TUW-202034.pdf"")";"=HYPERLINK(""D:\Java\git\MethodDemosGit-0.4.4\MethodDemos\output\result\result-TUW-202034-xstream.xml"")";"=HYPERLINK(""D:\Java\git\MethodDemosGit-0.4.4\MethodDemos\output\extracted\grobid\grobid-TUW-202034-xstream.xml"")";"Diplom- oder Masterarbeiten";"0,00";"0,00";"0,00";"NA";"40,00";"NA";"NA";"0,00";"0,00";"NA";"NA";"NA";"NA";"NA";"0,00";"0,00";"NA";"80,70";"68,97";"53,85";"100,00";"35,56";"32,02";"28,63"
"TUW-202824";"=HYPERLINK(""D:\Java\git\MethodDemosGit-0.4.4\MethodDemos\output\groundtruth\TUW-202824.pdf"")";"=HYPERLINK(""D:\Java\git\MethodDemosGit-0.4.4\MethodDemos\output\result\result-TUW-202824-xstream.xml"")";"=HYPERLINK(""D:\Java\git\MethodDemosGit-0.4.4\MethodDemos\output\extracted\grobid\grobid-TUW-202824-xstream.xml"")";"Beiträge in Tagungsbänden";"100,00";"100,00";"100,00";"NA";"66,67";"100,00";"100,00";"100,00";"66,67";"NA";"NA";"NA";"NA";"NA";"NA";"NA";"NA";"0,00";"NA";"NA";"100,00";"83,33";"92,59";"83,33"
"TUW-203409";"=HYPERLINK(""D:\Java\git\MethodDemosGit-0.4.4\MethodDemos\output\groundtruth\TUW-203409.pdf"")";"=HYPERLINK(""D:\Java\git\MethodDemosGit-0.4.4\MethodDemos\output\result\result-TUW-203409-xstream.xml"")";"=HYPERLINK(""D:\Java\git\MethodDemosGit-0.4.4\MethodDemos\output\extracted\grobid\grobid-TUW-203409-xstream.xml"")";"Beiträge in Tagungsbänden";"100,00";"100,00";"100,00";"100,00";"100,00";"NA";"NA";"100,00";"100,00";"NA";"NA";"NA";"NA";"NA";"NA";"NA";"NA";"100,00";"100,00";"NA";"NA";"100,00";"100,00";"100,00"
"TUW-203924";"=HYPERLINK(""D:\Java\git\MethodDemosGit-0.4.4\MethodDemos\output\groundtruth\TUW-203924.pdf"")";"=HYPERLINK(""D:\Java\git\MethodDemosGit-0.4.4\MethodDemos\output\result\result-TUW-203924-xstream.xml"")";"=HYPERLINK(""D:\Java\git\MethodDemosGit-0.4.4\MethodDemos\output\extracted\grobid\grobid-TUW-203924-xstream.xml"")";"Beiträge in Tagungsbänden";"100,00";"100,00";"100,00";"100,00";"100,00";"NA";"NA";"100,00";"100,00";"NA";"NA";"NA";"NA";"NA";"NA";"NA";"NA";"100,00";"100,00";"25,00";"86,36";"91,94";"91,94";"91,94"
"TUW-204724";"=HYPERLINK(""D:\Java\git\MethodDemosGit-0.4.4\MethodDemos\output\groundtruth\TUW-204724.pdf"")";"=HYPERLINK(""D:\Java\git\MethodDemosGit-0.4.4\MethodDemos\output\result\result-TUW-204724-xstream.xml"")";"=HYPERLINK(""D:\Java\git\MethodDemosGit-0.4.4\MethodDemos\output\extracted\grobid\grobid-TUW-204724-xstream.xml"")";"Zeitschriftenartikel";"100,00";"0,00";"0,00";"0,00";"100,00";"100,00";"100,00";"100,00";"100,00";"NA";"NA";"NA";"NA";"NA";"NA";"NA";"NA";"33,33";"85,71";"0,00";"100,00";"68,45";"65,38";"63,00"
"TUW-205557";"=HYPERLINK(""D:\Java\git\MethodDemosGit-0.4.4\MethodDemos\output\groundtruth\TUW-205557.pdf"")";"=HYPERLINK(""D:\Java\git\MethodDemosGit-0.4.4\MethodDemos\output\result\result-TUW-205557-xstream.xml"")";"=HYPERLINK(""D:\Java\git\MethodDemosGit-0.4.4\MethodDemos\output\extracted\grobid\grobid-TUW-205557-xstream.xml"")";"Beiträge in Tagungsbänden";"100,00";"100,00";"100,00";"NA";"0,00";"NA";"NA";"0,00";"0,00";"0,00";"NA";"NA";"NA";"NA";"NA";"0,00";"NA";"NA";"NA";"NA";"80,00";"52,38";"57,14";"42,22"
"TUW-205933";"=HYPERLINK(""D:\Java\git\MethodDemosGit-0.4.4\MethodDemos\output\groundtruth\TUW-205933.pdf"")";"=HYPERLINK(""D:\Java\git\MethodDemosGit-0.4.4\MethodDemos\output\result\result-TUW-205933-xstream.xml"")";"=HYPERLINK(""D:\Java\git\MethodDemosGit-0.4.4\MethodDemos\output\extracted\grobid\grobid-TUW-205933-xstream.xml"")";"Zeitschriftenartikel";"0,00";"0,00";"100,00";"100,00";"100,00";"NA";"NA";"NA";"NA";"0,00";"NA";"NA";"NA";"NA";"NA";"NA";"NA";"100,00";"NA";"0,00";"47,06";"60,00";"48,15";"49,67"
"TUW-213513";"=HYPERLINK(""D:\Java\git\MethodDemosGit-0.4.4\MethodDemos\output\groundtruth\TUW-213513.pdf"")";"=HYPERLINK(""D:\Java\git\MethodDemosGit-0.4.4\MethodDemos\output\result\result-TUW-213513-xstream.xml"")";"=HYPERLINK(""D:\Java\git\MethodDemosGit-0.4.4\MethodDemos\output\extracted\grobid\grobid-TUW-213513-xstream.xml"")";"Beiträge in Tagungsbänden";"100,00";"100,00";"NA";"NA";"100,00";"100,00";"100,00";"66,67";"66,67";"NA";"NA";"NA";"NA";"NA";"NA";"NA";"NA";"100,00";"100,00";"66,67";"100,00";"90,91";"95,45";"90,91"
"TUW-216744";"=HYPERLINK(""D:\Java\git\MethodDemosGit-0.4.4\MethodDemos\output\groundtruth\TUW-216744.pdf"")";"=HYPERLINK(""D:\Java\git\MethodDemosGit-0.4.4\MethodDemos\output\result\result-TUW-216744-xstream.xml"")";"=HYPERLINK(""D:\Java\git\MethodDemosGit-0.4.4\MethodDemos\output\extracted\grobid\grobid-TUW-216744-xstream.xml"")";"Beiträge in Tagungsbänden";"100,00";"100,00";"0,00";"100,00";"0,00";"NA";"NA";"0,00";"0,00";"0,00";"NA";"NA";"NA";"NA";"0,00";"0,00";"NA";"85,71";"100,00";"66,67";"100,00";"61,36";"50,00";"46,60"
"TUW-217690";"=HYPERLINK(""D:\Java\git\MethodDemosGit-0.4.4\MethodDemos\output\groundtruth\TUW-217690.pdf"")";"=HYPERLINK(""D:\Java\git\MethodDemosGit-0.4.4\MethodDemos\output\result\result-TUW-217690-xstream.xml"")";"=HYPERLINK(""D:\Java\git\MethodDemosGit-0.4.4\MethodDemos\output\extracted\grobid\grobid-TUW-217690-xstream.xml"")";"Beiträge in Tagungsbänden";"100,00";"100,00";"0,00";"0,00";"100,00";"NA";"NA";"100,00";"100,00";"NA";"NA";"NA";"NA";"NA";"NA";"NA";"NA";"50,00";"50,00";"0,00";"100,00";"100,00";"60,61";"63,64"
"TUW-217971";"=HYPERLINK(""D:\Java\git\MethodDemosGit-0.4.4\MethodDemos\output\groundtruth\TUW-217971.pdf"")";"=HYPERLINK(""D:\Java\git\MethodDemosGit-0.4.4\MethodDemos\output\result\result-TUW-217971-xstream.xml"")";"=HYPERLINK(""D:\Java\git\MethodDemosGit-0.4.4\MethodDemos\output\extracted\grobid\grobid-TUW-217971-xstream.xml"")";"Beiträge in Tagungsbänden";"100,00";"100,00";"0,00";"NA";"100,00";"NA";"NA";"66,67";"50,00";"NA";"NA";"NA";"NA";"NA";"NA";"NA";"NA";"84,21";"94,12";"22,22";"95,24";"68,76";"79,44";"71,25"
"TUW-221215";"=HYPERLINK(""D:\Java\git\MethodDemosGit-0.4.4\MethodDemos\output\groundtruth\TUW-221215.pdf"")";"=HYPERLINK(""D:\Java\git\MethodDemosGit-0.4.4\MethodDemos\output\result\result-TUW-221215-xstream.xml"")";"=HYPERLINK(""D:\Java\git\MethodDemosGit-0.4.4\MethodDemos\output\extracted\grobid\grobid-TUW-221215-xstream.xml"")";"Diplom- oder Masterarbeiten";"0,00";"0,00";"0,00";"NA";"80,00";"NA";"NA";"100,00";"66,67";"NA";"NA";"NA";"NA";"NA";"0,00";"0,00";"NA";"71,79";"78,57";"56,00";"93,75";"50,95";"52,10";"45,56"
"TUW-223906";"=HYPERLINK(""D:\Java\git\MethodDemosGit-0.4.4\MethodDemos\output\groundtruth\TUW-223906.pdf"")";"=HYPERLINK(""D:\Java\git\MethodDemosGit-0.4.4\MethodDemos\output\result\result-TUW-223906-xstream.xml"")";"=HYPERLINK(""D:\Java\git\MethodDemosGit-0.4.4\MethodDemos\output\extracted\grobid\grobid-TUW-223906-xstream.xml"")";"Beiträge in Tagungsbänden";"100,00";"100,00";"100,00";"NA";"100,00";"80,00";"80,00";"80,00";"0,00";"0,00";"NA";"NA";"NA";"NA";"0,00";"NA";"NA";"92,31";"93,33";"0,00";"90,91";"81,94";"62,37";"65,47"
"TUW-223973";"=HYPERLINK(""D:\Java\git\MethodDemosGit-0.4.4\MethodDemos\output\groundtruth\TUW-223973.pdf"")";"=HYPERLINK(""D:\Java\git\MethodDemosGit-0.4.4\MethodDemos\output\result\result-TUW-223973-xstream.xml"")";"=HYPERLINK(""D:\Java\git\MethodDemosGit-0.4.4\MethodDemos\output\extracted\grobid\grobid-TUW-223973-xstream.xml"")";"Buchbeiträge";"100,00";"0,00";"100,00";"80,00";"100,00";"NA";"NA";"100,00";"100,00";"NA";"NA";"NA";"NA";"NA";"NA";"NA";"NA";"84,21";"94,12";"40,00";"100,00";"84,24";"80,58";"81,67"
"TUW-225252";"=HYPERLINK(""D:\Java\git\MethodDemosGit-0.4.4\MethodDemos\output\groundtruth\TUW-225252.pdf"")";"=HYPERLINK(""D:\Java\git\MethodDemosGit-0.4.4\MethodDemos\output\result\result-TUW-225252-xstream.xml"")";"=HYPERLINK(""D:\Java\git\MethodDemosGit-0.4.4\MethodDemos\output\extracted\grobid\grobid-TUW-225252-xstream.xml"")";"Beiträge in Tagungsbänden";"100,00";"100,00";"NA";"NA";"100,00";"NA";"NA";"66,67";"0,00";"NA";"NA";"NA";"NA";"NA";"NA";"NA";"NA";"80,00";"80,00";"0,00";"100,00";"81,25";"70,37";"69,63"
"TUW-226000";"=HYPERLINK(""D:\Java\git\MethodDemosGit-0.4.4\MethodDemos\output\groundtruth\TUW-226000.pdf"")";"=HYPERLINK(""D:\Java\git\MethodDemosGit-0.4.4\MethodDemos\output\result\result-TUW-226000-xstream.xml"")";"=HYPERLINK(""D:\Java\git\MethodDemosGit-0.4.4\MethodDemos\output\extracted\grobid\grobid-TUW-226000-xstream.xml"")";"Beiträge in Tagungsbänden";"100,00";"100,00";"100,00";"100,00";"100,00";"NA";"NA";"50,00";"28,57";"NA";"NA";"NA";"NA";"NA";"NA";"NA";"NA";"100,00";"100,00";"100,00";"100,00";"89,39";"88,64";"88,96"
"TUW-226016";"=HYPERLINK(""D:\Java\git\MethodDemosGit-0.4.4\MethodDemos\output\groundtruth\TUW-226016.pdf"")";"=HYPERLINK(""D:\Java\git\MethodDemosGit-0.4.4\MethodDemos\output\result\result-TUW-226016-xstream.xml"")";"=HYPERLINK(""D:\Java\git\MethodDemosGit-0.4.4\MethodDemos\output\extracted\grobid\grobid-TUW-226016-xstream.xml"")";"Diplom- oder Masterarbeiten";"0,00";"0,00";"0,00";"NA";"25,00";"NA";"NA";"100,00";"25,00";"NA";"NA";"NA";"NA";"NA";"NA";"0,00";"NA";"83,33";"90,91";"0,00";"31,39";"35,54";"52,41";"32,33"
"TUW-228620";"=HYPERLINK(""D:\Java\git\MethodDemosGit-0.4.4\MethodDemos\output\groundtruth\TUW-228620.pdf"")";"=HYPERLINK(""D:\Java\git\MethodDemosGit-0.4.4\MethodDemos\output\result\result-TUW-228620-xstream.xml"")";"=HYPERLINK(""D:\Java\git\MethodDemosGit-0.4.4\MethodDemos\output\extracted\grobid\grobid-TUW-228620-xstream.xml"")";"Zeitschriftenartikel";"100,00";"0,00";"100,00";"0,00";"75,00";"0,00";"0,00";"57,14";"0,00";"0,00";"NA";"NA";"NA";"NA";"NA";"NA";"100,00";"76,92";"NA";"40,00";"93,33";"68,50";"43,87";"45,89"
"TUW-231707";"=HYPERLINK(""D:\Java\git\MethodDemosGit-0.4.4\MethodDemos\output\groundtruth\TUW-231707.pdf"")";"=HYPERLINK(""D:\Java\git\MethodDemosGit-0.4.4\MethodDemos\output\result\result-TUW-231707-xstream.xml"")";"=HYPERLINK(""D:\Java\git\MethodDemosGit-0.4.4\MethodDemos\output\extracted\grobid\grobid-TUW-231707-xstream.xml"")";"Buchbeiträge";"100,00";"0,00";"100,00";"NA";"100,00";"NA";"NA";"50,00";"50,00";"NA";"NA";"NA";"NA";"NA";"NA";"NA";"NA";"86,96";"86,96";"0,00";"0,00";"72,73";"56,67";"57,39"
"TUW-233317";"=HYPERLINK(""D:\Java\git\MethodDemosGit-0.4.4\MethodDemos\output\groundtruth\TUW-233317.pdf"")";"=HYPERLINK(""D:\Java\git\MethodDemosGit-0.4.4\MethodDemos\output\result\result-TUW-233317-xstream.xml"")";"=HYPERLINK(""D:\Java\git\MethodDemosGit-0.4.4\MethodDemos\output\extracted\grobid\grobid-TUW-233317-xstream.xml"")";"Beiträge in Tagungsbänden";"100,00";"100,00";"100,00";"83,33";"75,00";"100,00";"0,00";"100,00";"75,00";"NA";"NA";"NA";"NA";"NA";"NA";"NA";"NA";"100,00";"100,00";"100,00";"100,00";"87,18";"87,18";"87,18"
"TUW-233657";"=HYPERLINK(""D:\Java\git\MethodDemosGit-0.4.4\MethodDemos\output\groundtruth\TUW-233657.pdf"")";"=HYPERLINK(""D:\Java\git\MethodDemosGit-0.4.4\MethodDemos\output\result\result-TUW-233657-xstream.xml"")";"=HYPERLINK(""D:\Java\git\MethodDemosGit-0.4.4\MethodDemos\output\extracted\grobid\grobid-TUW-233657-xstream.xml"")";"Beiträge in Tagungsbänden";"100,00";"100,00";"100,00";"66,67";"100,00";"0,00";"0,00";"0,00";"0,00";"NA";"NA";"NA";"NA";"NA";"NA";"NA";"NA";"100,00";"100,00";"66,67";"100,00";"92,59";"64,10";"64,10"
"TUW-236063";"=HYPERLINK(""D:\Java\git\MethodDemosGit-0.4.4\MethodDemos\output\groundtruth\TUW-236063.pdf"")";"=HYPERLINK(""D:\Java\git\MethodDemosGit-0.4.4\MethodDemos\output\result\result-TUW-236063-xstream.xml"")";"=HYPERLINK(""D:\Java\git\MethodDemosGit-0.4.4\MethodDemos\output\extracted\grobid\grobid-TUW-236063-xstream.xml"")";"Beiträge in Tagungsbänden";"100,00";"100,00";"100,00";"NA";"100,00";"NA";"NA";"66,67";"0,00";"NA";"NA";"NA";"NA";"NA";"NA";"NA";"NA";"66,67";"0,00";"0,00";"85,71";"75,00";"60,00";"61,90"
"TUW-236120";"=HYPERLINK(""D:\Java\git\MethodDemosGit-0.4.4\MethodDemos\output\groundtruth\TUW-236120.pdf"")";"=HYPERLINK(""D:\Java\git\MethodDemosGit-0.4.4\MethodDemos\output\result\result-TUW-236120-xstream.xml"")";"=HYPERLINK(""D:\Java\git\MethodDemosGit-0.4.4\MethodDemos\output\extracted\grobid\grobid-TUW-236120-xstream.xml"")";"Beiträge in Tagungsbänden";"100,00";"100,00";"100,00";"0,00";"100,00";"100,00";"100,00";"100,00";"100,00";"NA";"NA";"NA";"NA";"NA";"NA";"NA";"NA";"81,48";"90,91";"25,00";"81,08";"90,44";"82,78";"82,96"
"TUW-237297";"=HYPERLINK(""D:\Java\git\MethodDemosGit-0.4.4\MethodDemos\output\groundtruth\TUW-237297.pdf"")";"=HYPERLINK(""D:\Java\git\MethodDemosGit-0.4.4\MethodDemos\output\result\result-TUW-237297-xstream.xml"")";"=HYPERLINK(""D:\Java\git\MethodDemosGit-0.4.4\MethodDemos\output\extracted\grobid\grobid-TUW-237297-xstream.xml"")";"Beiträge in Tagungsbänden";"100,00";"100,00";"0,00";"75,00";"100,00";"NA";"NA";"NA";"NA";"0,00";"NA";"NA";"NA";"NA";"NA";"NA";"NA";"60,00";"NA";"50,00";"88,89";"75,84";"66,36";"63,77"
"TUW-240858";"=HYPERLINK(""D:\Java\git\MethodDemosGit-0.4.4\MethodDemos\output\groundtruth\TUW-240858.pdf"")";"=HYPERLINK(""D:\Java\git\MethodDemosGit-0.4.4\MethodDemos\output\result\result-TUW-240858-xstream.xml"")";"=HYPERLINK(""D:\Java\git\MethodDemosGit-0.4.4\MethodDemos\output\extracted\grobid\grobid-TUW-240858-xstream.xml"")";"Beiträge in Tagungsbänden";"100,00";"100,00";"100,00";"NA";"100,00";"100,00";"100,00";"100,00";"100,00";"NA";"NA";"NA";"NA";"NA";"NA";"NA";"NA";"76,92";"90,91";"33,33";"100,00";"93,45";"90,97";"91,76"
"TUW-245336";"=HYPERLINK(""D:\Java\git\MethodDemosGit-0.4.4\MethodDemos\output\groundtruth\TUW-245336.pdf"")";"=HYPERLINK(""D:\Java\git\MethodDemosGit-0.4.4\MethodDemos\output\result\result-TUW-245336-xstream.xml"")";"=HYPERLINK(""D:\Java\git\MethodDemosGit-0.4.4\MethodDemos\output\extracted\grobid\grobid-TUW-245336-xstream.xml"")";"Buchbeiträge";"100,00";"0,00";"100,00";"NA";"100,00";"NA";"NA";"NA";"NA";"NA";"NA";"NA";"NA";"NA";"NA";"NA";"NA";"50,00";"66,67";"33,33";"97,78";"72,92";"66,12";"68,47"
"TUW-245799";"=HYPERLINK(""D:\Java\git\MethodDemosGit-0.4.4\MethodDemos\output\groundtruth\TUW-245799.pdf"")";"=HYPERLINK(""D:\Java\git\MethodDemosGit-0.4.4\MethodDemos\output\result\result-TUW-245799-xstream.xml"")";"=HYPERLINK(""D:\Java\git\MethodDemosGit-0.4.4\MethodDemos\output\extracted\grobid\grobid-TUW-245799-xstream.xml"")";"Zeitschriftenartikel";"100,00";"0,00";"100,00";"100,00";"0,00";"0,00";"0,00";"0,00";"0,00";"NA";"NA";"NA";"NA";"NA";"NA";"NA";"NA";"75,00";"100,00";"57,14";"93,33";"77,31";"49,23";"48,11"
"TUW-247301";"=HYPERLINK(""D:\Java\git\MethodDemosGit-0.4.4\MethodDemos\output\groundtruth\TUW-247301.pdf"")";"=HYPERLINK(""D:\Java\git\MethodDemosGit-0.4.4\MethodDemos\output\result\result-TUW-247301-xstream.xml"")";"=HYPERLINK(""D:\Java\git\MethodDemosGit-0.4.4\MethodDemos\output\extracted\grobid\grobid-TUW-247301-xstream.xml"")";"Beiträge in Tagungsbänden";"100,00";"100,00";"NA";"NA";"100,00";"100,00";"100,00";"85,71";"85,71";"NA";"NA";"NA";"NA";"NA";"NA";"NA";"NA";"85,71";"100,00";"66,67";"100,00";"93,18";"95,45";"93,07"
"TUW-247741";"=HYPERLINK(""D:\Java\git\MethodDemosGit-0.4.4\MethodDemos\output\groundtruth\TUW-247741.pdf"")";"=HYPERLINK(""D:\Java\git\MethodDemosGit-0.4.4\MethodDemos\output\result\result-TUW-247741-xstream.xml"")";"=HYPERLINK(""D:\Java\git\MethodDemosGit-0.4.4\MethodDemos\output\extracted\grobid\grobid-TUW-247741-xstream.xml"")";"Beiträge in Tagungsbänden";"100,00";"100,00";"100,00";"33,33";"100,00";"NA";"NA";"66,67";"100,00";"0,00";"NA";"NA";"NA";"NA";"NA";"NA";"NA";"73,68";"70,00";"0,00";"100,00";"80,81";"68,08";"70,31"
"TUW-247743";"=HYPERLINK(""D:\Java\git\MethodDemosGit-0.4.4\MethodDemos\output\groundtruth\TUW-247743.pdf"")";"=HYPERLINK(""D:\Java\git\MethodDemosGit-0.4.4\MethodDemos\output\result\result-TUW-247743-xstream.xml"")";"=HYPERLINK(""D:\Java\git\MethodDemosGit-0.4.4\MethodDemos\output\extracted\grobid\grobid-TUW-247743-xstream.xml"")";"Diplom- oder Masterarbeiten";"100,00";"0,00";"0,00";"NA";"40,00";"NA";"NA";"100,00";"40,00";"NA";"NA";"NA";"NA";"NA";"0,00";"0,00";"NA";"81,58";"80,00";"0,00";"90,48";"59,07";"52,58";"44,34"
"TUW-251544";"=HYPERLINK(""D:\Java\git\MethodDemosGit-0.4.4\MethodDemos\output\groundtruth\TUW-251544.pdf"")";"=HYPERLINK(""D:\Java\git\MethodDemosGit-0.4.4\MethodDemos\output\result\result-TUW-251544-xstream.xml"")";"=HYPERLINK(""D:\Java\git\MethodDemosGit-0.4.4\MethodDemos\output\extracted\grobid\grobid-TUW-251544-xstream.xml"")";"Zeitschriftenartikel";"100,00";"0,00";"100,00";"100,00";"100,00";"0,00";"0,00";"0,00";"0,00";"NA";"NA";"NA";"NA";"NA";"NA";"NA";"NA";"87,50";"87,50";"0,00";"76,19";"81,88";"49,83";"50,09"
"TUW-252847";"=HYPERLINK(""D:\Java\git\MethodDemosGit-0.4.4\MethodDemos\output\groundtruth\TUW-252847.pdf"")";"=HYPERLINK(""D:\Java\git\MethodDemosGit-0.4.4\MethodDemos\output\result\result-TUW-252847-xstream.xml"")";"=HYPERLINK(""D:\Java\git\MethodDemosGit-0.4.4\MethodDemos\output\extracted\grobid\grobid-TUW-252847-xstream.xml"")";"Beiträge in Tagungsbänden";"100,00";"100,00";"100,00";"NA";"66,67";"60,00";"40,00";"100,00";"0,00";"0,00";"NA";"NA";"NA";"NA";"0,00";"NA";"NA";"93,33";"100,00";"40,00";"100,00";"76,04";"64,29";"64,29"
"TUW-255712";"=HYPERLINK(""D:\Java\git\MethodDemosGit-0.4.4\MethodDemos\output\groundtruth\TUW-255712.pdf"")";"=HYPERLINK(""D:\Java\git\MethodDemosGit-0.4.4\MethodDemos\output\result\result-TUW-255712-xstream.xml"")";"=HYPERLINK(""D:\Java\git\MethodDemosGit-0.4.4\MethodDemos\output\extracted\grobid\grobid-TUW-255712-xstream.xml"")";"Beiträge in Tagungsbänden";"100,00";"100,00";"0,00";"NA";"100,00";"NA";"NA";"100,00";"100,00";"NA";"NA";"NA";"NA";"NA";"NA";"NA";"NA";"NA";"NA";"0,00";"93,88";"85,12";"74,00";"74,23"
"TUW-256654";"=HYPERLINK(""D:\Java\git\MethodDemosGit-0.4.4\MethodDemos\output\groundtruth\TUW-256654.pdf"")";"=HYPERLINK(""D:\Java\git\MethodDemosGit-0.4.4\MethodDemos\output\result\result-TUW-256654-xstream.xml"")";"=HYPERLINK(""D:\Java\git\MethodDemosGit-0.4.4\MethodDemos\output\extracted\grobid\grobid-TUW-256654-xstream.xml"")";"Beiträge in Tagungsbänden";"100,00";"100,00";"0,00";"NA";"100,00";"0,00";"0,00";"0,00";"0,00";"NA";"NA";"NA";"NA";"NA";"NA";"NA";"NA";"87,50";"93,33";"0,00";"0,00";"60,94";"39,58";"40,07"
"TUW-257397";"=HYPERLINK(""D:\Java\git\MethodDemosGit-0.4.4\MethodDemos\output\groundtruth\TUW-257397.pdf"")";"=HYPERLINK(""D:\Java\git\MethodDemosGit-0.4.4\MethodDemos\output\result\result-TUW-257397-xstream.xml"")";"=HYPERLINK(""D:\Java\git\MethodDemosGit-0.4.4\MethodDemos\output\extracted\grobid\grobid-TUW-257397-xstream.xml"")";"Buchbeiträge";"100,00";"0,00";"100,00";"NA";"100,00";"0,00";"0,00";"0,00";"0,00";"NA";"NA";"NA";"NA";"NA";"NA";"NA";"NA";"96,55";"100,00";"94,12";"98,30";"84,86";"58,33";"57,41"
"TUW-257870";"=HYPERLINK(""D:\Java\git\MethodDemosGit-0.4.4\MethodDemos\output\groundtruth\TUW-257870.pdf"")";"=HYPERLINK(""D:\Java\git\MethodDemosGit-0.4.4\MethodDemos\output\result\result-TUW-257870-xstream.xml"")";"=HYPERLINK(""D:\Java\git\MethodDemosGit-0.4.4\MethodDemos\output\extracted\grobid\grobid-TUW-257870-xstream.xml"")";"Beiträge in Tagungsbänden";"100,00";"100,00";"100,00";"50,00";"50,00";"100,00";"50,00";"100,00";"50,00";"0,00";"NA";"NA";"NA";"NA";"0,00";"NA";"NA";"100,00";"NA";"50,00";"75,00";"75,83";"67,86";"66,07"
