"path";"PDF";"original";"extracted";"PublicationType";"Title";"Publicationtype";"Abstract";"Keywords";"Authors";"Emails";"Author-Emails";"Affiliations";"Author-Affiliations";"Source";"Volume";"Issue";"Page from";"Page to";"Date";"Doi";"Sections";"Section-Levels";"Section-References";"References";"Precision";"Recall";"F1"
"TUW-137078";"=HYPERLINK(""D:\Java\git\MethodDemosGit-heuristic\MethodDemos\output\groundtruth\TUW-137078.pdf"")";"=HYPERLINK(""D:\Java\git\MethodDemosGit-heuristic\MethodDemos\output\result\result-TUW-137078-xstream.xml"")";"=HYPERLINK(""D:\Java\git\MethodDemosGit-heuristic\MethodDemos\output\extracted\cermine\cermine-TUW-137078-xstream.xml"")";"Beiträge in Tagungsbänden";"100,00";"0,00";"100,00";"100,00";"66,67";"66,67";"66,67";"100,00";"66,67";"NA";"NA";"NA";"NA";"NA";"NA";"NA";"66,67";"NA";"0,00";"100,00";"88,64";"63,33";"69,44"
"TUW-138011";"=HYPERLINK(""D:\Java\git\MethodDemosGit-heuristic\MethodDemos\output\groundtruth\TUW-138011.pdf"")";"=HYPERLINK(""D:\Java\git\MethodDemosGit-heuristic\MethodDemos\output\result\result-TUW-138011-xstream.xml"")";"=HYPERLINK(""D:\Java\git\MethodDemosGit-heuristic\MethodDemos\output\extracted\cermine\cermine-TUW-138011-xstream.xml"")";"Beiträge in Tagungsbänden";"100,00";"0,00";"100,00";"NA";"100,00";"50,00";"50,00";"100,00";"100,00";"NA";"NA";"NA";"NA";"NA";"NA";"NA";"100,00";"0,00";"100,00";"100,00";"86,67";"83,33";"75,00"
"TUW-138447";"=HYPERLINK(""D:\Java\git\MethodDemosGit-heuristic\MethodDemos\output\groundtruth\TUW-138447.pdf"")";"=HYPERLINK(""D:\Java\git\MethodDemosGit-heuristic\MethodDemos\output\result\result-TUW-138447-xstream.xml"")";"=HYPERLINK(""D:\Java\git\MethodDemosGit-heuristic\MethodDemos\output\extracted\cermine\cermine-TUW-138447-xstream.xml"")";"Zeitschriftenartikel";"0,00";"0,00";"100,00";"100,00";"0,00";"NA";"NA";"0,00";"0,00";"0,00";"0,00";"0,00";"0,00";"0,00";"NA";"NA";"94,12";"96,77";"0,00";"0,00";"36,36";"34,79";"24,43"
"TUW-138544";"=HYPERLINK(""D:\Java\git\MethodDemosGit-heuristic\MethodDemos\output\groundtruth\TUW-138544.pdf"")";"=HYPERLINK(""D:\Java\git\MethodDemosGit-heuristic\MethodDemos\output\result\result-TUW-138544-xstream.xml"")";"=HYPERLINK(""D:\Java\git\MethodDemosGit-heuristic\MethodDemos\output\extracted\cermine\cermine-TUW-138544-xstream.xml"")";"Beiträge in Tagungsbänden";"100,00";"0,00";"100,00";"NA";"0,00";"0,00";"0,00";"0,00";"0,00";"NA";"NA";"NA";"NA";"NA";"NA";"NA";"96,55";"60,00";"100,00";"71,43";"80,68";"42,86";"44,00"
"TUW-138547";"=HYPERLINK(""D:\Java\git\MethodDemosGit-heuristic\MethodDemos\output\groundtruth\TUW-138547.pdf"")";"=HYPERLINK(""D:\Java\git\MethodDemosGit-heuristic\MethodDemos\output\result\result-TUW-138547-xstream.xml"")";"=HYPERLINK(""D:\Java\git\MethodDemosGit-heuristic\MethodDemos\output\extracted\cermine\cermine-TUW-138547-xstream.xml"")";"Beiträge in Tagungsbänden";"100,00";"0,00";"100,00";"NA";"100,00";"100,00";"100,00";"100,00";"100,00";"NA";"NA";"NA";"NA";"NA";"NA";"NA";"78,57";"0,00";"50,00";"85,71";"91,43";"76,19";"76,19"
"TUW-139299";"=HYPERLINK(""D:\Java\git\MethodDemosGit-heuristic\MethodDemos\output\groundtruth\TUW-139299.pdf"")";"=HYPERLINK(""D:\Java\git\MethodDemosGit-heuristic\MethodDemos\output\result\result-TUW-139299-xstream.xml"")";"=HYPERLINK(""D:\Java\git\MethodDemosGit-heuristic\MethodDemos\output\extracted\cermine\cermine-TUW-139299-xstream.xml"")";"Zeitschriftenartikel";"100,00";"0,00";"100,00";"NA";"100,00";"NA";"NA";"NA";"NA";"0,00";"0,00";"0,00";"NA";"NA";"NA";"NA";"66,67";"0,00";"0,00";"90,91";"50,84";"57,20";"41,60"
"TUW-139761";"=HYPERLINK(""D:\Java\git\MethodDemosGit-heuristic\MethodDemos\output\groundtruth\TUW-139761.pdf"")";"=HYPERLINK(""D:\Java\git\MethodDemosGit-heuristic\MethodDemos\output\result\result-TUW-139761-xstream.xml"")";"=HYPERLINK(""D:\Java\git\MethodDemosGit-heuristic\MethodDemos\output\extracted\cermine\cermine-TUW-139761-xstream.xml"")";"Diplom- oder Masterarbeiten";"100,00";"0,00";"0,00";"NA";"66,67";"NA";"NA";"0,00";"0,00";"NA";"NA";"NA";"0,00";"0,00";"NA";"NA";"0,00";"0,00";"0,00";"0,00";"16,67";"20,00";"13,89"
"TUW-139769";"=HYPERLINK(""D:\Java\git\MethodDemosGit-heuristic\MethodDemos\output\groundtruth\TUW-139769.pdf"")";"=HYPERLINK(""D:\Java\git\MethodDemosGit-heuristic\MethodDemos\output\result\result-TUW-139769-xstream.xml"")";"=HYPERLINK(""D:\Java\git\MethodDemosGit-heuristic\MethodDemos\output\extracted\cermine\cermine-TUW-139769-xstream.xml"")";"Diplom- oder Masterarbeiten";"100,00";"0,00";"0,00";"NA";"0,00";"NA";"NA";"0,00";"0,00";"0,00";"0,00";"0,00";"0,00";"0,00";"NA";"NA";"0,00";"0,00";"0,00";"17,39";"18,18";"10,95";"7,83"
"TUW-139781";"=HYPERLINK(""D:\Java\git\MethodDemosGit-heuristic\MethodDemos\output\groundtruth\TUW-139781.pdf"")";"=HYPERLINK(""D:\Java\git\MethodDemosGit-heuristic\MethodDemos\output\result\result-TUW-139781-xstream.xml"")";"=HYPERLINK(""D:\Java\git\MethodDemosGit-heuristic\MethodDemos\output\extracted\cermine\cermine-TUW-139781-xstream.xml"")";"Beiträge in Tagungsbänden";"100,00";"0,00";"0,00";"NA";"66,67";"NA";"NA";"0,00";"0,00";"0,00";"NA";"NA";"0,00";"0,00";"0,00";"NA";"100,00";"0,00";"100,00";"100,00";"58,33";"42,42";"33,33"
"TUW-139785";"=HYPERLINK(""D:\Java\git\MethodDemosGit-heuristic\MethodDemos\output\groundtruth\TUW-139785.pdf"")";"=HYPERLINK(""D:\Java\git\MethodDemosGit-heuristic\MethodDemos\output\result\result-TUW-139785-xstream.xml"")";"=HYPERLINK(""D:\Java\git\MethodDemosGit-heuristic\MethodDemos\output\extracted\cermine\cermine-TUW-139785-xstream.xml"")";"Diplom- oder Masterarbeiten";"100,00";"0,00";"0,00";"NA";"0,00";"NA";"NA";"0,00";"0,00";"NA";"NA";"NA";"0,00";"0,00";"NA";"NA";"0,00";"0,00";"0,00";"45,16";"30,39";"13,11";"12,10"
"TUW-140047";"=HYPERLINK(""D:\Java\git\MethodDemosGit-heuristic\MethodDemos\output\groundtruth\TUW-140047.pdf"")";"=HYPERLINK(""D:\Java\git\MethodDemosGit-heuristic\MethodDemos\output\result\result-TUW-140047-xstream.xml"")";"=HYPERLINK(""D:\Java\git\MethodDemosGit-heuristic\MethodDemos\output\extracted\cermine\cermine-TUW-140047-xstream.xml"")";"Beiträge in Tagungsbänden";"100,00";"0,00";"100,00";"NA";"0,00";"NA";"NA";"100,00";"0,00";"NA";"NA";"NA";"NA";"NA";"NA";"NA";"58,33";"50,00";"50,00";"80,00";"73,97";"48,98";"53,83"
"TUW-140048";"=HYPERLINK(""D:\Java\git\MethodDemosGit-heuristic\MethodDemos\output\groundtruth\TUW-140048.pdf"")";"=HYPERLINK(""D:\Java\git\MethodDemosGit-heuristic\MethodDemos\output\result\result-TUW-140048-xstream.xml"")";"=HYPERLINK(""D:\Java\git\MethodDemosGit-heuristic\MethodDemos\output\extracted\cermine\cermine-TUW-140048-xstream.xml"")";"Beiträge in Tagungsbänden";"100,00";"0,00";"100,00";"NA";"100,00";"100,00";"100,00";"100,00";"100,00";"NA";"NA";"NA";"NA";"NA";"NA";"NA";"57,14";"13,33";"0,00";"78,57";"97,33";"69,31";"70,75"
"TUW-140229";"=HYPERLINK(""D:\Java\git\MethodDemosGit-heuristic\MethodDemos\output\groundtruth\TUW-140229.pdf"")";"=HYPERLINK(""D:\Java\git\MethodDemosGit-heuristic\MethodDemos\output\result\result-TUW-140229-xstream.xml"")";"=HYPERLINK(""D:\Java\git\MethodDemosGit-heuristic\MethodDemos\output\extracted\cermine\cermine-TUW-140229-xstream.xml"")";"Beiträge in Tagungsbänden";"100,00";"0,00";"100,00";"NA";"100,00";"100,00";"100,00";"100,00";"100,00";"NA";"NA";"NA";"NA";"NA";"NA";"NA";"54,55";"60,00";"40,00";"90,00";"88,64";"76,94";"78,71"
"TUW-140253";"=HYPERLINK(""D:\Java\git\MethodDemosGit-heuristic\MethodDemos\output\groundtruth\TUW-140253.pdf"")";"=HYPERLINK(""D:\Java\git\MethodDemosGit-heuristic\MethodDemos\output\result\result-TUW-140253-xstream.xml"")";"=HYPERLINK(""D:\Java\git\MethodDemosGit-heuristic\MethodDemos\output\extracted\cermine\cermine-TUW-140253-xstream.xml"")";"Beiträge in Tagungsbänden";"100,00";"0,00";"100,00";"100,00";"100,00";"100,00";"100,00";"0,00";"0,00";"NA";"NA";"NA";"NA";"NA";"NA";"NA";"83,33";"60,00";"0,00";"100,00";"75,00";"62,64";"64,87"
"TUW-140308";"=HYPERLINK(""D:\Java\git\MethodDemosGit-heuristic\MethodDemos\output\groundtruth\TUW-140308.pdf"")";"=HYPERLINK(""D:\Java\git\MethodDemosGit-heuristic\MethodDemos\output\result\result-TUW-140308-xstream.xml"")";"=HYPERLINK(""D:\Java\git\MethodDemosGit-heuristic\MethodDemos\output\extracted\cermine\cermine-TUW-140308-xstream.xml"")";"Zeitschriftenartikel";"100,00";"0,00";"100,00";"NA";"100,00";"100,00";"100,00";"100,00";"100,00";"0,00";"NA";"NA";"100,00";"100,00";"NA";"NA";"63,16";"47,06";"100,00";"75,00";"98,08";"76,79";"79,01"
"TUW-140533";"=HYPERLINK(""D:\Java\git\MethodDemosGit-heuristic\MethodDemos\output\groundtruth\TUW-140533.pdf"")";"=HYPERLINK(""D:\Java\git\MethodDemosGit-heuristic\MethodDemos\output\result\result-TUW-140533-xstream.xml"")";"=HYPERLINK(""D:\Java\git\MethodDemosGit-heuristic\MethodDemos\output\extracted\cermine\cermine-TUW-140533-xstream.xml"")";"Diplom- oder Masterarbeiten";"100,00";"0,00";"0,00";"NA";"0,00";"NA";"NA";"0,00";"0,00";"NA";"NA";"NA";"0,00";"0,00";"0,00";"NA";"8,82";"0,00";"0,00";"14,29";"35,71";"10,21";"9,47"
"TUW-140867";"=HYPERLINK(""D:\Java\git\MethodDemosGit-heuristic\MethodDemos\output\groundtruth\TUW-140867.pdf"")";"=HYPERLINK(""D:\Java\git\MethodDemosGit-heuristic\MethodDemos\output\result\result-TUW-140867-xstream.xml"")";"=HYPERLINK(""D:\Java\git\MethodDemosGit-heuristic\MethodDemos\output\extracted\cermine\cermine-TUW-140867-xstream.xml"")";"Beiträge in Tagungsbänden";"100,00";"0,00";"0,00";"100,00";"0,00";"NA";"NA";"0,00";"0,00";"0,00";"NA";"NA";"NA";"NA";"0,00";"NA";"100,00";"100,00";"66,67";"100,00";"75,00";"42,31";"43,59"
"TUW-140895";"=HYPERLINK(""D:\Java\git\MethodDemosGit-heuristic\MethodDemos\output\groundtruth\TUW-140895.pdf"")";"=HYPERLINK(""D:\Java\git\MethodDemosGit-heuristic\MethodDemos\output\result\result-TUW-140895-xstream.xml"")";"=HYPERLINK(""D:\Java\git\MethodDemosGit-heuristic\MethodDemos\output\extracted\cermine\cermine-TUW-140895-xstream.xml"")";"Diplom- oder Masterarbeiten";"100,00";"0,00";"0,00";"NA";"0,00";"NA";"NA";"0,00";"0,00";"NA";"NA";"NA";"0,00";"0,00";"0,00";"NA";"44,44";"48,00";"0,00";"13,95";"31,25";"15,61";"15,88"
"TUW-140983";"=HYPERLINK(""D:\Java\git\MethodDemosGit-heuristic\MethodDemos\output\groundtruth\TUW-140983.pdf"")";"=HYPERLINK(""D:\Java\git\MethodDemosGit-heuristic\MethodDemos\output\result\result-TUW-140983-xstream.xml"")";"=HYPERLINK(""D:\Java\git\MethodDemosGit-heuristic\MethodDemos\output\extracted\cermine\cermine-TUW-140983-xstream.xml"")";"Beiträge in Tagungsbänden";"100,00";"0,00";"0,00";"0,00";"40,00";"0,00";"0,00";"40,00";"25,00";"0,00";"NA";"NA";"NA";"NA";"NA";"NA";"100,00";"100,00";"100,00";"100,00";"67,04";"44,05";"43,21"
"TUW-141024";"=HYPERLINK(""D:\Java\git\MethodDemosGit-heuristic\MethodDemos\output\groundtruth\TUW-141024.pdf"")";"=HYPERLINK(""D:\Java\git\MethodDemosGit-heuristic\MethodDemos\output\result\result-TUW-141024-xstream.xml"")";"=HYPERLINK(""D:\Java\git\MethodDemosGit-heuristic\MethodDemos\output\extracted\cermine\cermine-TUW-141024-xstream.xml"")";"Beiträge in Tagungsbänden";"100,00";"0,00";"100,00";"NA";"0,00";"NA";"NA";"100,00";"0,00";"NA";"NA";"NA";"NA";"NA";"NA";"NA";"80,00";"85,71";"75,00";"100,00";"97,96";"61,00";"64,07"
"TUW-141065";"=HYPERLINK(""D:\Java\git\MethodDemosGit-heuristic\MethodDemos\output\groundtruth\TUW-141065.pdf"")";"=HYPERLINK(""D:\Java\git\MethodDemosGit-heuristic\MethodDemos\output\result\result-TUW-141065-xstream.xml"")";"=HYPERLINK(""D:\Java\git\MethodDemosGit-heuristic\MethodDemos\output\extracted\cermine\cermine-TUW-141065-xstream.xml"")";"Beiträge in Tagungsbänden";"100,00";"0,00";"100,00";"NA";"100,00";"100,00";"100,00";"100,00";"100,00";"NA";"NA";"NA";"NA";"NA";"NA";"NA";"73,68";"73,68";"66,67";"92,86";"99,35";"79,96";"83,91"
"TUW-141121";"=HYPERLINK(""D:\Java\git\MethodDemosGit-heuristic\MethodDemos\output\groundtruth\TUW-141121.pdf"")";"=HYPERLINK(""D:\Java\git\MethodDemosGit-heuristic\MethodDemos\output\result\result-TUW-141121-xstream.xml"")";"=HYPERLINK(""D:\Java\git\MethodDemosGit-heuristic\MethodDemos\output\extracted\cermine\cermine-TUW-141121-xstream.xml"")";"Beiträge in Tagungsbänden";"100,00";"0,00";"100,00";"NA";"66,67";"0,00";"0,00";"100,00";"66,67";"NA";"NA";"NA";"NA";"NA";"NA";"NA";"54,55";"0,00";"66,67";"100,00";"84,38";"57,74";"54,55"
"TUW-141140";"=HYPERLINK(""D:\Java\git\MethodDemosGit-heuristic\MethodDemos\output\groundtruth\TUW-141140.pdf"")";"=HYPERLINK(""D:\Java\git\MethodDemosGit-heuristic\MethodDemos\output\result\result-TUW-141140-xstream.xml"")";"=HYPERLINK(""D:\Java\git\MethodDemosGit-heuristic\MethodDemos\output\extracted\cermine\cermine-TUW-141140-xstream.xml"")";"Beiträge in Tagungsbänden";"100,00";"0,00";"100,00";"NA";"100,00";"NA";"NA";"83,33";"85,00";"NA";"NA";"NA";"NA";"NA";"NA";"NA";"50,00";"0,00";"66,67";"100,00";"89,37";"67,14";"68,50"
"TUW-141336";"=HYPERLINK(""D:\Java\git\MethodDemosGit-heuristic\MethodDemos\output\groundtruth\TUW-141336.pdf"")";"=HYPERLINK(""D:\Java\git\MethodDemosGit-heuristic\MethodDemos\output\result\result-TUW-141336-xstream.xml"")";"=HYPERLINK(""D:\Java\git\MethodDemosGit-heuristic\MethodDemos\output\extracted\cermine\cermine-TUW-141336-xstream.xml"")";"Zeitschriftenartikel";"100,00";"0,00";"100,00";"NA";"0,00";"50,00";"0,00";"0,00";"0,00";"100,00";"100,00";"0,00";"100,00";"100,00";"NA";"NA";"40,00";"30,77";"50,00";"100,00";"68,75";"50,62";"51,22"
"TUW-141618";"=HYPERLINK(""D:\Java\git\MethodDemosGit-heuristic\MethodDemos\output\groundtruth\TUW-141618.pdf"")";"=HYPERLINK(""D:\Java\git\MethodDemosGit-heuristic\MethodDemos\output\result\result-TUW-141618-xstream.xml"")";"=HYPERLINK(""D:\Java\git\MethodDemosGit-heuristic\MethodDemos\output\extracted\cermine\cermine-TUW-141618-xstream.xml"")";"Buchbeiträge";"0,00";"0,00";"100,00";"NA";"0,00";"NA";"NA";"0,00";"0,00";"NA";"NA";"NA";"NA";"NA";"NA";"NA";"80,00";"88,89";"0,00";"82,54";"63,33";"33,03";"35,14"
"TUW-141758";"=HYPERLINK(""D:\Java\git\MethodDemosGit-heuristic\MethodDemos\output\groundtruth\TUW-141758.pdf"")";"=HYPERLINK(""D:\Java\git\MethodDemosGit-heuristic\MethodDemos\output\result\result-TUW-141758-xstream.xml"")";"=HYPERLINK(""D:\Java\git\MethodDemosGit-heuristic\MethodDemos\output\extracted\cermine\cermine-TUW-141758-xstream.xml"")";"Diplom- oder Masterarbeiten";"100,00";"0,00";"0,00";"NA";"0,00";"NA";"NA";"66,67";"0,00";"NA";"NA";"NA";"0,00";"0,00";"NA";"NA";"0,00";"0,00";"0,00";"68,82";"27,84";"26,53";"19,62"
"TUW-168222";"=HYPERLINK(""D:\Java\git\MethodDemosGit-heuristic\MethodDemos\output\groundtruth\TUW-168222.pdf"")";"=HYPERLINK(""D:\Java\git\MethodDemosGit-heuristic\MethodDemos\output\result\result-TUW-168222-xstream.xml"")";"=HYPERLINK(""D:\Java\git\MethodDemosGit-heuristic\MethodDemos\output\extracted\cermine\cermine-TUW-168222-xstream.xml"")";"Beiträge in Tagungsbänden";"100,00";"0,00";"100,00";"NA";"0,00";"0,00";"0,00";"100,00";"0,00";"NA";"NA";"NA";"NA";"NA";"NA";"NA";"25,00";"0,00";"0,00";"100,00";"70,83";"35,42";"35,42"
"TUW-168482";"=HYPERLINK(""D:\Java\git\MethodDemosGit-heuristic\MethodDemos\output\groundtruth\TUW-168482.pdf"")";"=HYPERLINK(""D:\Java\git\MethodDemosGit-heuristic\MethodDemos\output\result\result-TUW-168482-xstream.xml"")";"=HYPERLINK(""D:\Java\git\MethodDemosGit-heuristic\MethodDemos\output\extracted\cermine\cermine-TUW-168482-xstream.xml"")";"Diplom- oder Masterarbeiten";"100,00";"0,00";"0,00";"NA";"0,00";"NA";"NA";"0,00";"0,00";"NA";"0,00";"NA";"0,00";"0,00";"0,00";"NA";"0,00";"0,00";"0,00";"0,00";"11,11";"9,09";"7,14"
"TUW-169511";"=HYPERLINK(""D:\Java\git\MethodDemosGit-heuristic\MethodDemos\output\groundtruth\TUW-169511.pdf"")";"=HYPERLINK(""D:\Java\git\MethodDemosGit-heuristic\MethodDemos\output\result\result-TUW-169511-xstream.xml"")";"=HYPERLINK(""D:\Java\git\MethodDemosGit-heuristic\MethodDemos\output\extracted\cermine\cermine-TUW-169511-xstream.xml"")";"Beiträge in Tagungsbänden";"100,00";"0,00";"NA";"NA";"100,00";"80,00";"80,00";"66,67";"75,00";"NA";"NA";"NA";"NA";"NA";"NA";"NA";"88,89";"100,00";"100,00";"100,00";"87,50";"83,79";"80,96"
"TUW-172697";"=HYPERLINK(""D:\Java\git\MethodDemosGit-heuristic\MethodDemos\output\groundtruth\TUW-172697.pdf"")";"=HYPERLINK(""D:\Java\git\MethodDemosGit-heuristic\MethodDemos\output\result\result-TUW-172697-xstream.xml"")";"=HYPERLINK(""D:\Java\git\MethodDemosGit-heuristic\MethodDemos\output\extracted\cermine\cermine-TUW-172697-xstream.xml"")";"Beiträge in Tagungsbänden";"100,00";"0,00";"100,00";"0,00";"100,00";"NA";"NA";"100,00";"100,00";"0,00";"0,00";"0,00";"NA";"NA";"0,00";"NA";"100,00";"NA";"0,00";"0,00";"66,67";"50,00";"42,86"
"TUW-174216";"=HYPERLINK(""D:\Java\git\MethodDemosGit-heuristic\MethodDemos\output\groundtruth\TUW-174216.pdf"")";"=HYPERLINK(""D:\Java\git\MethodDemosGit-heuristic\MethodDemos\output\result\result-TUW-174216-xstream.xml"")";"=HYPERLINK(""D:\Java\git\MethodDemosGit-heuristic\MethodDemos\output\extracted\cermine\cermine-TUW-174216-xstream.xml"")";"Zeitschriftenartikel";"100,00";"0,00";"100,00";"0,00";"57,14";"0,00";"0,00";"50,00";"44,44";"0,00";"0,00";"0,00";"100,00";"100,00";"0,00";"NA";"82,35";"0,00";"0,00";"92,86";"56,63";"40,76";"38,25"
"TUW-175428";"=HYPERLINK(""D:\Java\git\MethodDemosGit-heuristic\MethodDemos\output\groundtruth\TUW-175428.pdf"")";"=HYPERLINK(""D:\Java\git\MethodDemosGit-heuristic\MethodDemos\output\result\result-TUW-175428-xstream.xml"")";"=HYPERLINK(""D:\Java\git\MethodDemosGit-heuristic\MethodDemos\output\extracted\cermine\cermine-TUW-175428-xstream.xml"")";"Diplom- oder Masterarbeiten";"0,00";"0,00";"0,00";"0,00";"0,00";"NA";"NA";"0,00";"0,00";"0,00";"0,00";"0,00";"0,00";"0,00";"0,00";"NA";"14,81";"12,77";"0,00";"31,25";"8,32";"3,90";"3,46"
"TUW-176087";"=HYPERLINK(""D:\Java\git\MethodDemosGit-heuristic\MethodDemos\output\groundtruth\TUW-176087.pdf"")";"=HYPERLINK(""D:\Java\git\MethodDemosGit-heuristic\MethodDemos\output\result\result-TUW-176087-xstream.xml"")";"=HYPERLINK(""D:\Java\git\MethodDemosGit-heuristic\MethodDemos\output\extracted\cermine\cermine-TUW-176087-xstream.xml"")";"Buchbeiträge";"100,00";"0,00";"100,00";"100,00";"100,00";"0,00";"0,00";"83,33";"83,33";"NA";"NA";"NA";"NA";"NA";"NA";"NA";"85,71";"80,00";"66,67";"92,86";"96,67";"65,00";"68,61"
"TUW-177140";"=HYPERLINK(""D:\Java\git\MethodDemosGit-heuristic\MethodDemos\output\groundtruth\TUW-177140.pdf"")";"=HYPERLINK(""D:\Java\git\MethodDemosGit-heuristic\MethodDemos\output\result\result-TUW-177140-xstream.xml"")";"=HYPERLINK(""D:\Java\git\MethodDemosGit-heuristic\MethodDemos\output\extracted\cermine\cermine-TUW-177140-xstream.xml"")";"Beiträge in Tagungsbänden";"100,00";"0,00";"100,00";"NA";"100,00";"66,67";"66,67";"0,00";"0,00";"NA";"NA";"NA";"NA";"NA";"NA";"NA";"66,67";"0,00";"66,67";"93,33";"64,33";"59,44";"55,00"
"TUW-179146";"=HYPERLINK(""D:\Java\git\MethodDemosGit-heuristic\MethodDemos\output\groundtruth\TUW-179146.pdf"")";"=HYPERLINK(""D:\Java\git\MethodDemosGit-heuristic\MethodDemos\output\result\result-TUW-179146-xstream.xml"")";"=HYPERLINK(""D:\Java\git\MethodDemosGit-heuristic\MethodDemos\output\extracted\cermine\cermine-TUW-179146-xstream.xml"")";"Beiträge in Tagungsbänden";"100,00";"0,00";"0,00";"NA";"0,00";"0,00";"0,00";"100,00";"0,00";"0,00";"0,00";"0,00";"0,00";"0,00";"NA";"NA";"66,67";"0,00";"60,00";"100,00";"32,50";"40,71";"25,10"
"TUW-180162";"=HYPERLINK(""D:\Java\git\MethodDemosGit-heuristic\MethodDemos\output\groundtruth\TUW-180162.pdf"")";"=HYPERLINK(""D:\Java\git\MethodDemosGit-heuristic\MethodDemos\output\result\result-TUW-180162-xstream.xml"")";"=HYPERLINK(""D:\Java\git\MethodDemosGit-heuristic\MethodDemos\output\extracted\cermine\cermine-TUW-180162-xstream.xml"")";"Beiträge in Tagungsbänden";"100,00";"0,00";"100,00";"NA";"100,00";"100,00";"100,00";"66,67";"66,67";"NA";"NA";"NA";"NA";"NA";"NA";"NA";"52,17";"0,00";"33,33";"95,45";"92,88";"65,34";"67,86"
"TUW-181199";"=HYPERLINK(""D:\Java\git\MethodDemosGit-heuristic\MethodDemos\output\groundtruth\TUW-181199.pdf"")";"=HYPERLINK(""D:\Java\git\MethodDemosGit-heuristic\MethodDemos\output\result\result-TUW-181199-xstream.xml"")";"=HYPERLINK(""D:\Java\git\MethodDemosGit-heuristic\MethodDemos\output\extracted\cermine\cermine-TUW-181199-xstream.xml"")";"Beiträge in Tagungsbänden";"100,00";"0,00";"100,00";"NA";"80,00";"33,33";"33,33";"0,00";"0,00";"NA";"NA";"NA";"NA";"NA";"NA";"NA";"44,44";"0,00";"28,57";"100,00";"52,00";"53,19";"43,31"
"TUW-182414";"=HYPERLINK(""D:\Java\git\MethodDemosGit-heuristic\MethodDemos\output\groundtruth\TUW-182414.pdf"")";"=HYPERLINK(""D:\Java\git\MethodDemosGit-heuristic\MethodDemos\output\result\result-TUW-182414-xstream.xml"")";"=HYPERLINK(""D:\Java\git\MethodDemosGit-heuristic\MethodDemos\output\extracted\cermine\cermine-TUW-182414-xstream.xml"")";"Zeitschriftenartikel";"100,00";"0,00";"0,00";"NA";"80,00";"100,00";"100,00";"0,00";"0,00";"NA";"NA";"NA";"NA";"NA";"NA";"NA";"60,00";"75,00";"0,00";"90,00";"59,62";"51,96";"50,42"
"TUW-182899";"=HYPERLINK(""D:\Java\git\MethodDemosGit-heuristic\MethodDemos\output\groundtruth\TUW-182899.pdf"")";"=HYPERLINK(""D:\Java\git\MethodDemosGit-heuristic\MethodDemos\output\result\result-TUW-182899-xstream.xml"")";"=HYPERLINK(""D:\Java\git\MethodDemosGit-heuristic\MethodDemos\output\extracted\cermine\cermine-TUW-182899-xstream.xml"")";"Zeitschriftenartikel";"100,00";"0,00";"100,00";"0,00";"100,00";"66,67";"66,67";"66,67";"80,00";"NA";"NA";"NA";"NA";"NA";"NA";"NA";"33,33";"8,69";"0,00";"59,26";"88,31";"45,00";"52,41"
"TUW-185321";"=HYPERLINK(""D:\Java\git\MethodDemosGit-heuristic\MethodDemos\output\groundtruth\TUW-185321.pdf"")";"=HYPERLINK(""D:\Java\git\MethodDemosGit-heuristic\MethodDemos\output\result\result-TUW-185321-xstream.xml"")";"=HYPERLINK(""D:\Java\git\MethodDemosGit-heuristic\MethodDemos\output\extracted\cermine\cermine-TUW-185321-xstream.xml"")";"Beiträge in Tagungsbänden";"100,00";"0,00";"100,00";"NA";"0,00";"NA";"NA";"100,00";"0,00";"NA";"NA";"NA";"NA";"NA";"NA";"NA";"100,00";"NA";"100,00";"100,00";"100,00";"66,67";"66,67"
"TUW-185441";"=HYPERLINK(""D:\Java\git\MethodDemosGit-heuristic\MethodDemos\output\groundtruth\TUW-185441.pdf"")";"=HYPERLINK(""D:\Java\git\MethodDemosGit-heuristic\MethodDemos\output\result\result-TUW-185441-xstream.xml"")";"=HYPERLINK(""D:\Java\git\MethodDemosGit-heuristic\MethodDemos\output\extracted\cermine\cermine-TUW-185441-xstream.xml"")";"Beiträge in Tagungsbänden";"0,00";"0,00";"100,00";"NA";"0,00";"NA";"NA";"0,00";"0,00";"NA";"NA";"NA";"NA";"NA";"NA";"NA";"54,55";"0,00";"33,33";"80,00";"61,00";"24,79";"26,79"
"TUW-186227";"=HYPERLINK(""D:\Java\git\MethodDemosGit-heuristic\MethodDemos\output\groundtruth\TUW-186227.pdf"")";"=HYPERLINK(""D:\Java\git\MethodDemosGit-heuristic\MethodDemos\output\result\result-TUW-186227-xstream.xml"")";"=HYPERLINK(""D:\Java\git\MethodDemosGit-heuristic\MethodDemos\output\extracted\cermine\cermine-TUW-186227-xstream.xml"")";"Beiträge in Tagungsbänden";"100,00";"0,00";"100,00";"NA";"0,00";"NA";"NA";"100,00";"0,00";"NA";"NA";"NA";"NA";"NA";"NA";"NA";"66,67";"0,00";"66,67";"100,00";"100,00";"50,00";"53,33"
"TUW-189842";"=HYPERLINK(""D:\Java\git\MethodDemosGit-heuristic\MethodDemos\output\groundtruth\TUW-189842.pdf"")";"=HYPERLINK(""D:\Java\git\MethodDemosGit-heuristic\MethodDemos\output\result\result-TUW-189842-xstream.xml"")";"=HYPERLINK(""D:\Java\git\MethodDemosGit-heuristic\MethodDemos\output\extracted\cermine\cermine-TUW-189842-xstream.xml"")";"Beiträge in Tagungsbänden";"100,00";"0,00";"100,00";"66,67";"8,70";"0,00";"0,00";"53,33";"8,70";"0,00";"0,00";"0,00";"NA";"NA";"NA";"NA";"88,89";"NA";"0,00";"0,00";"30,88";"33,01";"28,42"
"TUW-191715";"=HYPERLINK(""D:\Java\git\MethodDemosGit-heuristic\MethodDemos\output\groundtruth\TUW-191715.pdf"")";"=HYPERLINK(""D:\Java\git\MethodDemosGit-heuristic\MethodDemos\output\result\result-TUW-191715-xstream.xml"")";"=HYPERLINK(""D:\Java\git\MethodDemosGit-heuristic\MethodDemos\output\extracted\cermine\cermine-TUW-191715-xstream.xml"")";"Zeitschriftenartikel";"100,00";"0,00";"100,00";"100,00";"100,00";"NA";"NA";"0,00";"0,00";"0,00";"0,00";"0,00";"0,00";"0,00";"NA";"NA";"42,86";"42,86";"10,00";"96,97";"52,70";"51,02";"37,04"
"TUW-191977";"=HYPERLINK(""D:\Java\git\MethodDemosGit-heuristic\MethodDemos\output\groundtruth\TUW-191977.pdf"")";"=HYPERLINK(""D:\Java\git\MethodDemosGit-heuristic\MethodDemos\output\result\result-TUW-191977-xstream.xml"")";"=HYPERLINK(""D:\Java\git\MethodDemosGit-heuristic\MethodDemos\output\extracted\cermine\cermine-TUW-191977-xstream.xml"")";"Beiträge in Tagungsbänden";"100,00";"0,00";"100,00";"NA";"100,00";"100,00";"100,00";"100,00";"100,00";"NA";"NA";"NA";"NA";"NA";"NA";"NA";"75,00";"0,00";"66,67";"100,00";"94,17";"78,47";"78,47"
"TUW-192724";"=HYPERLINK(""D:\Java\git\MethodDemosGit-heuristic\MethodDemos\output\groundtruth\TUW-192724.pdf"")";"=HYPERLINK(""D:\Java\git\MethodDemosGit-heuristic\MethodDemos\output\result\result-TUW-192724-xstream.xml"")";"=HYPERLINK(""D:\Java\git\MethodDemosGit-heuristic\MethodDemos\output\extracted\cermine\cermine-TUW-192724-xstream.xml"")";"Beiträge in Tagungsbänden";"100,00";"0,00";"100,00";"100,00";"100,00";"66,67";"66,67";"80,00";"80,00";"NA";"NA";"NA";"NA";"NA";"NA";"NA";"100,00";"90,91";"0,00";"93,75";"91,15";"70,03";"75,23"
"TUW-194085";"=HYPERLINK(""D:\Java\git\MethodDemosGit-heuristic\MethodDemos\output\groundtruth\TUW-194085.pdf"")";"=HYPERLINK(""D:\Java\git\MethodDemosGit-heuristic\MethodDemos\output\result\result-TUW-194085-xstream.xml"")";"=HYPERLINK(""D:\Java\git\MethodDemosGit-heuristic\MethodDemos\output\extracted\cermine\cermine-TUW-194085-xstream.xml"")";"Diplom- oder Masterarbeiten";"100,00";"0,00";"0,00";"NA";"0,00";"NA";"NA";"0,00";"0,00";"NA";"NA";"NA";"0,00";"0,00";"0,00";"NA";"0,00";"0,00";"0,00";"28,57";"28,57";"10,61";"9,89"
"TUW-194561";"=HYPERLINK(""D:\Java\git\MethodDemosGit-heuristic\MethodDemos\output\groundtruth\TUW-194561.pdf"")";"=HYPERLINK(""D:\Java\git\MethodDemosGit-heuristic\MethodDemos\output\result\result-TUW-194561-xstream.xml"")";"=HYPERLINK(""D:\Java\git\MethodDemosGit-heuristic\MethodDemos\output\extracted\cermine\cermine-TUW-194561-xstream.xml"")";"Zeitschriftenartikel";"100,00";"0,00";"100,00";"NA";"100,00";"0,00";"0,00";"100,00";"100,00";"100,00";"0,00";"0,00";"100,00";"100,00";"NA";"0,00";"83,33";"0,00";"80,00";"90,91";"70,28";"75,30";"58,57"
"TUW-194660";"=HYPERLINK(""D:\Java\git\MethodDemosGit-heuristic\MethodDemos\output\groundtruth\TUW-194660.pdf"")";"=HYPERLINK(""D:\Java\git\MethodDemosGit-heuristic\MethodDemos\output\result\result-TUW-194660-xstream.xml"")";"=HYPERLINK(""D:\Java\git\MethodDemosGit-heuristic\MethodDemos\output\extracted\cermine\cermine-TUW-194660-xstream.xml"")";"Beiträge in Tagungsbänden";"0,00";"0,00";"0,00";"NA";"0,00";"NA";"NA";"100,00";"0,00";"NA";"NA";"NA";"0,00";"0,00";"NA";"NA";"57,14";"0,00";"0,00";"100,00";"50,00";"24,00";"21,43"
"TUW-197422";"=HYPERLINK(""D:\Java\git\MethodDemosGit-heuristic\MethodDemos\output\groundtruth\TUW-197422.pdf"")";"=HYPERLINK(""D:\Java\git\MethodDemosGit-heuristic\MethodDemos\output\result\result-TUW-197422-xstream.xml"")";"=HYPERLINK(""D:\Java\git\MethodDemosGit-heuristic\MethodDemos\output\extracted\cermine\cermine-TUW-197422-xstream.xml"")";"Beiträge in Tagungsbänden";"100,00";"0,00";"100,00";"NA";"100,00";"NA";"NA";"66,67";"66,67";"0,00";"NA";"NA";"NA";"NA";"NA";"NA";"95,24";"100,00";"0,00";"96,15";"99,52";"62,46";"65,88"
"TUW-197852";"=HYPERLINK(""D:\Java\git\MethodDemosGit-heuristic\MethodDemos\output\groundtruth\TUW-197852.pdf"")";"=HYPERLINK(""D:\Java\git\MethodDemosGit-heuristic\MethodDemos\output\result\result-TUW-197852-xstream.xml"")";"=HYPERLINK(""D:\Java\git\MethodDemosGit-heuristic\MethodDemos\output\extracted\cermine\cermine-TUW-197852-xstream.xml"")";"Zeitschriftenartikel";"0,00";"0,00";"0,00";"0,00";"0,00";"NA";"NA";"0,00";"0,00";"0,00";"100,00";"0,00";"NA";"NA";"NA";"NA";"57,14";"40,00";"0,00";"44,44";"40,74";"15,66";"17,26"
"TUW-198400";"=HYPERLINK(""D:\Java\git\MethodDemosGit-heuristic\MethodDemos\output\groundtruth\TUW-198400.pdf"")";"=HYPERLINK(""D:\Java\git\MethodDemosGit-heuristic\MethodDemos\output\result\result-TUW-198400-xstream.xml"")";"=HYPERLINK(""D:\Java\git\MethodDemosGit-heuristic\MethodDemos\output\extracted\cermine\cermine-TUW-198400-xstream.xml"")";"Beiträge in Tagungsbänden";"100,00";"0,00";"0,00";"NA";"100,00";"100,00";"100,00";"100,00";"100,00";"NA";"NA";"NA";"NA";"NA";"NA";"NA";"64,00";"76,19";"0,00";"0,00";"74,15";"61,62";"61,68"
"TUW-198401";"=HYPERLINK(""D:\Java\git\MethodDemosGit-heuristic\MethodDemos\output\groundtruth\TUW-198401.pdf"")";"=HYPERLINK(""D:\Java\git\MethodDemosGit-heuristic\MethodDemos\output\result\result-TUW-198401-xstream.xml"")";"=HYPERLINK(""D:\Java\git\MethodDemosGit-heuristic\MethodDemos\output\extracted\cermine\cermine-TUW-198401-xstream.xml"")";"Beiträge in Tagungsbänden";"100,00";"0,00";"100,00";"0,00";"0,00";"0,00";"0,00";"66,67";"0,00";"0,00";"0,00";"0,00";"NA";"NA";"NA";"NA";"100,00";"50,00";"0,00";"50,00";"55,00";"35,90";"29,17"
"TUW-198405";"=HYPERLINK(""D:\Java\git\MethodDemosGit-heuristic\MethodDemos\output\groundtruth\TUW-198405.pdf"")";"=HYPERLINK(""D:\Java\git\MethodDemosGit-heuristic\MethodDemos\output\result\result-TUW-198405-xstream.xml"")";"=HYPERLINK(""D:\Java\git\MethodDemosGit-heuristic\MethodDemos\output\extracted\cermine\cermine-TUW-198405-xstream.xml"")";"Beiträge in Tagungsbänden";"0,00";"0,00";"100,00";"NA";"0,00";"0,00";"0,00";"0,00";"0,00";"NA";"NA";"NA";"NA";"NA";"NA";"NA";"50,00";"0,00";"66,67";"100,00";"80,00";"23,61";"26,39"
"TUW-198408";"=HYPERLINK(""D:\Java\git\MethodDemosGit-heuristic\MethodDemos\output\groundtruth\TUW-198408.pdf"")";"=HYPERLINK(""D:\Java\git\MethodDemosGit-heuristic\MethodDemos\output\result\result-TUW-198408-xstream.xml"")";"=HYPERLINK(""D:\Java\git\MethodDemosGit-heuristic\MethodDemos\output\extracted\cermine\cermine-TUW-198408-xstream.xml"")";"Beiträge in Tagungsbänden";"100,00";"0,00";"100,00";"NA";"0,00";"0,00";"0,00";"0,00";"0,00";"NA";"NA";"NA";"NA";"NA";"NA";"NA";"66,67";"0,00";"0,00";"0,00";"46,67";"21,43";"22,22"
"TUW-200745";"=HYPERLINK(""D:\Java\git\MethodDemosGit-heuristic\MethodDemos\output\groundtruth\TUW-200745.pdf"")";"=HYPERLINK(""D:\Java\git\MethodDemosGit-heuristic\MethodDemos\output\result\result-TUW-200745-xstream.xml"")";"=HYPERLINK(""D:\Java\git\MethodDemosGit-heuristic\MethodDemos\output\extracted\cermine\cermine-TUW-200745-xstream.xml"")";"Diplom- oder Masterarbeiten";"100,00";"0,00";"0,00";"NA";"0,00";"NA";"NA";"0,00";"0,00";"NA";"NA";"NA";"0,00";"0,00";"0,00";"NA";"0,00";"0,00";"0,00";"20,00";"16,67";"10,23";"9,23"
"TUW-200748";"=HYPERLINK(""D:\Java\git\MethodDemosGit-heuristic\MethodDemos\output\groundtruth\TUW-200748.pdf"")";"=HYPERLINK(""D:\Java\git\MethodDemosGit-heuristic\MethodDemos\output\result\result-TUW-200748-xstream.xml"")";"=HYPERLINK(""D:\Java\git\MethodDemosGit-heuristic\MethodDemos\output\extracted\cermine\cermine-TUW-200748-xstream.xml"")";"Diplom- oder Masterarbeiten";"100,00";"0,00";"0,00";"NA";"0,00";"NA";"NA";"0,00";"0,00";"0,00";"0,00";"0,00";"0,00";"0,00";"0,00";"NA";"13,33";"0,00";"0,00";"16,67";"17,26";"10,68";"8,12"
"TUW-200948";"=HYPERLINK(""D:\Java\git\MethodDemosGit-heuristic\MethodDemos\output\groundtruth\TUW-200948.pdf"")";"=HYPERLINK(""D:\Java\git\MethodDemosGit-heuristic\MethodDemos\output\result\result-TUW-200948-xstream.xml"")";"=HYPERLINK(""D:\Java\git\MethodDemosGit-heuristic\MethodDemos\output\extracted\cermine\cermine-TUW-200948-xstream.xml"")";"Zeitschriftenartikel";"100,00";"0,00";"100,00";"NA";"100,00";"66,67";"66,67";"100,00";"100,00";"NA";"NA";"NA";"NA";"NA";"NA";"NA";"80,00";"0,00";"0,00";"76,47";"77,65";"70,26";"65,82"
"TUW-200950";"=HYPERLINK(""D:\Java\git\MethodDemosGit-heuristic\MethodDemos\output\groundtruth\TUW-200950.pdf"")";"=HYPERLINK(""D:\Java\git\MethodDemosGit-heuristic\MethodDemos\output\result\result-TUW-200950-xstream.xml"")";"=HYPERLINK(""D:\Java\git\MethodDemosGit-heuristic\MethodDemos\output\extracted\cermine\cermine-TUW-200950-xstream.xml"")";"Zeitschriftenartikel";"100,00";"0,00";"100,00";"NA";"100,00";"60,00";"60,00";"100,00";"100,00";"NA";"NA";"NA";"NA";"NA";"NA";"NA";"0,00";"0,00";"0,00";"100,00";"76,19";"66,67";"60,00"
"TUW-200959";"=HYPERLINK(""D:\Java\git\MethodDemosGit-heuristic\MethodDemos\output\groundtruth\TUW-200959.pdf"")";"=HYPERLINK(""D:\Java\git\MethodDemosGit-heuristic\MethodDemos\output\result\result-TUW-200959-xstream.xml"")";"=HYPERLINK(""D:\Java\git\MethodDemosGit-heuristic\MethodDemos\output\extracted\cermine\cermine-TUW-200959-xstream.xml"")";"Zeitschriftenartikel";"0,00";"0,00";"100,00";"NA";"0,00";"NA";"NA";"100,00";"0,00";"NA";"NA";"NA";"NA";"NA";"0,00";"NA";"58,82";"0,00";"18,18";"85,19";"76,32";"31,77";"32,93"
"TUW-201066";"=HYPERLINK(""D:\Java\git\MethodDemosGit-heuristic\MethodDemos\output\groundtruth\TUW-201066.pdf"")";"=HYPERLINK(""D:\Java\git\MethodDemosGit-heuristic\MethodDemos\output\result\result-TUW-201066-xstream.xml"")";"=HYPERLINK(""D:\Java\git\MethodDemosGit-heuristic\MethodDemos\output\extracted\cermine\cermine-TUW-201066-xstream.xml"")";"Beiträge in Tagungsbänden";"100,00";"0,00";"NA";"NA";"66,67";"0,00";"0,00";"100,00";"66,67";"NA";"NA";"NA";"NA";"NA";"NA";"NA";"100,00";"0,00";"100,00";"75,00";"67,59";"67,59";"55,30"
"TUW-201160";"=HYPERLINK(""D:\Java\git\MethodDemosGit-heuristic\MethodDemos\output\groundtruth\TUW-201160.pdf"")";"=HYPERLINK(""D:\Java\git\MethodDemosGit-heuristic\MethodDemos\output\result\result-TUW-201160-xstream.xml"")";"=HYPERLINK(""D:\Java\git\MethodDemosGit-heuristic\MethodDemos\output\extracted\cermine\cermine-TUW-201160-xstream.xml"")";"Beiträge in Tagungsbänden";"100,00";"0,00";"0,00";"NA";"50,00";"0,00";"0,00";"100,00";"50,00";"NA";"NA";"NA";"NA";"NA";"NA";"NA";"88,89";"0,00";"75,00";"85,71";"58,57";"58,41";"45,80"
"TUW-201167";"=HYPERLINK(""D:\Java\git\MethodDemosGit-heuristic\MethodDemos\output\groundtruth\TUW-201167.pdf"")";"=HYPERLINK(""D:\Java\git\MethodDemosGit-heuristic\MethodDemos\output\result\result-TUW-201167-xstream.xml"")";"=HYPERLINK(""D:\Java\git\MethodDemosGit-heuristic\MethodDemos\output\extracted\cermine\cermine-TUW-201167-xstream.xml"")";"Beiträge in Tagungsbänden";"100,00";"0,00";"NA";"NA";"66,67";"0,00";"0,00";"100,00";"66,67";"NA";"NA";"NA";"NA";"NA";"NA";"NA";"100,00";"0,00";"100,00";"66,67";"66,67";"66,67";"54,55"
"TUW-201821";"=HYPERLINK(""D:\Java\git\MethodDemosGit-heuristic\MethodDemos\output\groundtruth\TUW-201821.pdf"")";"=HYPERLINK(""D:\Java\git\MethodDemosGit-heuristic\MethodDemos\output\result\result-TUW-201821-xstream.xml"")";"=HYPERLINK(""D:\Java\git\MethodDemosGit-heuristic\MethodDemos\output\extracted\cermine\cermine-TUW-201821-xstream.xml"")";"Beiträge in Tagungsbänden";"100,00";"0,00";"100,00";"NA";"100,00";"100,00";"100,00";"100,00";"100,00";"NA";"NA";"NA";"0,00";"0,00";"NA";"NA";"90,91";"0,00";"100,00";"100,00";"81,94";"83,33";"70,78"
"TUW-202034";"=HYPERLINK(""D:\Java\git\MethodDemosGit-heuristic\MethodDemos\output\groundtruth\TUW-202034.pdf"")";"=HYPERLINK(""D:\Java\git\MethodDemosGit-heuristic\MethodDemos\output\result\result-TUW-202034-xstream.xml"")";"=HYPERLINK(""D:\Java\git\MethodDemosGit-heuristic\MethodDemos\output\extracted\cermine\cermine-TUW-202034-xstream.xml"")";"Diplom- oder Masterarbeiten";"100,00";"0,00";"0,00";"NA";"0,00";"NA";"NA";"0,00";"0,00";"NA";"NA";"NA";"0,00";"0,00";"0,00";"NA";"0,00";"0,00";"0,00";"46,67";"17,78";"12,12";"11,28"
"TUW-202824";"=HYPERLINK(""D:\Java\git\MethodDemosGit-heuristic\MethodDemos\output\groundtruth\TUW-202824.pdf"")";"=HYPERLINK(""D:\Java\git\MethodDemosGit-heuristic\MethodDemos\output\result\result-TUW-202824-xstream.xml"")";"=HYPERLINK(""D:\Java\git\MethodDemosGit-heuristic\MethodDemos\output\extracted\cermine\cermine-TUW-202824-xstream.xml"")";"Beiträge in Tagungsbänden";"100,00";"0,00";"0,00";"NA";"100,00";"100,00";"100,00";"50,00";"50,00";"0,00";"0,00";"0,00";"NA";"NA";"NA";"NA";"0,00";"NA";"NA";"0,00";"42,42";"66,67";"38,46"
"TUW-203409";"=HYPERLINK(""D:\Java\git\MethodDemosGit-heuristic\MethodDemos\output\groundtruth\TUW-203409.pdf"")";"=HYPERLINK(""D:\Java\git\MethodDemosGit-heuristic\MethodDemos\output\result\result-TUW-203409-xstream.xml"")";"=HYPERLINK(""D:\Java\git\MethodDemosGit-heuristic\MethodDemos\output\extracted\cermine\cermine-TUW-203409-xstream.xml"")";"Beiträge in Tagungsbänden";"100,00";"0,00";"100,00";"100,00";"100,00";"0,00";"0,00";"100,00";"100,00";"NA";"NA";"NA";"NA";"NA";"NA";"NA";"100,00";"50,00";"NA";"NA";"80,00";"81,48";"68,18"
"TUW-203924";"=HYPERLINK(""D:\Java\git\MethodDemosGit-heuristic\MethodDemos\output\groundtruth\TUW-203924.pdf"")";"=HYPERLINK(""D:\Java\git\MethodDemosGit-heuristic\MethodDemos\output\result\result-TUW-203924-xstream.xml"")";"=HYPERLINK(""D:\Java\git\MethodDemosGit-heuristic\MethodDemos\output\extracted\cermine\cermine-TUW-203924-xstream.xml"")";"Beiträge in Tagungsbänden";"100,00";"0,00";"100,00";"100,00";"66,67";"NA";"NA";"66,67";"66,67";"NA";"NA";"NA";"NA";"NA";"NA";"NA";"66,67";"57,14";"40,00";"63,64";"89,70";"59,67";"66,13"
"TUW-204724";"=HYPERLINK(""D:\Java\git\MethodDemosGit-heuristic\MethodDemos\output\groundtruth\TUW-204724.pdf"")";"=HYPERLINK(""D:\Java\git\MethodDemosGit-heuristic\MethodDemos\output\result\result-TUW-204724-xstream.xml"")";"=HYPERLINK(""D:\Java\git\MethodDemosGit-heuristic\MethodDemos\output\extracted\cermine\cermine-TUW-204724-xstream.xml"")";"Zeitschriftenartikel";"100,00";"0,00";"100,00";"100,00";"100,00";"0,00";"0,00";"66,67";"66,67";"NA";"NA";"NA";"NA";"NA";"NA";"NA";"0,00";"0,00";"0,00";"88,00";"62,24";"45,51";"47,79"
"TUW-205557";"=HYPERLINK(""D:\Java\git\MethodDemosGit-heuristic\MethodDemos\output\groundtruth\TUW-205557.pdf"")";"=HYPERLINK(""D:\Java\git\MethodDemosGit-heuristic\MethodDemos\output\result\result-TUW-205557-xstream.xml"")";"=HYPERLINK(""D:\Java\git\MethodDemosGit-heuristic\MethodDemos\output\extracted\cermine\cermine-TUW-205557-xstream.xml"")";"Beiträge in Tagungsbänden";"100,00";"0,00";"100,00";"NA";"66,67";"NA";"NA";"100,00";"66,67";"NA";"NA";"NA";"NA";"NA";"NA";"NA";"NA";"NA";"NA";"100,00";"88,89";"76,19";"76,19"
"TUW-205933";"=HYPERLINK(""D:\Java\git\MethodDemosGit-heuristic\MethodDemos\output\groundtruth\TUW-205933.pdf"")";"=HYPERLINK(""D:\Java\git\MethodDemosGit-heuristic\MethodDemos\output\result\result-TUW-205933-xstream.xml"")";"=HYPERLINK(""D:\Java\git\MethodDemosGit-heuristic\MethodDemos\output\extracted\cermine\cermine-TUW-205933-xstream.xml"")";"Zeitschriftenartikel";"100,00";"0,00";"100,00";"100,00";"0,00";"NA";"NA";"NA";"NA";"0,00";"NA";"NA";"NA";"NA";"NA";"NA";"92,31";"NA";"57,14";"83,33";"94,84";"58,15";"59,20"
"TUW-213513";"=HYPERLINK(""D:\Java\git\MethodDemosGit-heuristic\MethodDemos\output\groundtruth\TUW-213513.pdf"")";"=HYPERLINK(""D:\Java\git\MethodDemosGit-heuristic\MethodDemos\output\result\result-TUW-213513-xstream.xml"")";"=HYPERLINK(""D:\Java\git\MethodDemosGit-heuristic\MethodDemos\output\extracted\cermine\cermine-TUW-213513-xstream.xml"")";"Beiträge in Tagungsbänden";"100,00";"0,00";"0,00";"NA";"100,00";"100,00";"100,00";"66,67";"66,67";"NA";"NA";"NA";"NA";"NA";"NA";"NA";"80,00";"0,00";"66,67";"100,00";"80,00";"74,24";"65,00"
"TUW-216744";"=HYPERLINK(""D:\Java\git\MethodDemosGit-heuristic\MethodDemos\output\groundtruth\TUW-216744.pdf"")";"=HYPERLINK(""D:\Java\git\MethodDemosGit-heuristic\MethodDemos\output\result\result-TUW-216744-xstream.xml"")";"=HYPERLINK(""D:\Java\git\MethodDemosGit-heuristic\MethodDemos\output\extracted\cermine\cermine-TUW-216744-xstream.xml"")";"Beiträge in Tagungsbänden";"100,00";"0,00";"100,00";"44,44";"0,00";"NA";"NA";"75,00";"0,00";"0,00";"0,00";"NA";"NA";"NA";"NA";"NA";"100,00";"100,00";"100,00";"100,00";"60,42";"59,58";"55,34"
"TUW-217690";"=HYPERLINK(""D:\Java\git\MethodDemosGit-heuristic\MethodDemos\output\groundtruth\TUW-217690.pdf"")";"=HYPERLINK(""D:\Java\git\MethodDemosGit-heuristic\MethodDemos\output\result\result-TUW-217690-xstream.xml"")";"=HYPERLINK(""D:\Java\git\MethodDemosGit-heuristic\MethodDemos\output\extracted\cermine\cermine-TUW-217690-xstream.xml"")";"Beiträge in Tagungsbänden";"100,00";"0,00";"0,00";"100,00";"57,14";"NA";"NA";"100,00";"57,14";"NA";"NA";"NA";"NA";"NA";"NA";"NA";"85,71";"50,00";"0,00";"100,00";"96,88";"55,76";"59,09"
"TUW-217971";"=HYPERLINK(""D:\Java\git\MethodDemosGit-heuristic\MethodDemos\output\groundtruth\TUW-217971.pdf"")";"=HYPERLINK(""D:\Java\git\MethodDemosGit-heuristic\MethodDemos\output\result\result-TUW-217971-xstream.xml"")";"=HYPERLINK(""D:\Java\git\MethodDemosGit-heuristic\MethodDemos\output\extracted\cermine\cermine-TUW-217971-xstream.xml"")";"Beiträge in Tagungsbänden";"100,00";"0,00";"100,00";"NA";"100,00";"0,00";"0,00";"100,00";"100,00";"NA";"NA";"NA";"NA";"NA";"NA";"NA";"0,00";"0,00";"0,00";"100,00";"60,00";"60,00";"50,00"
"TUW-221215";"=HYPERLINK(""D:\Java\git\MethodDemosGit-heuristic\MethodDemos\output\groundtruth\TUW-221215.pdf"")";"=HYPERLINK(""D:\Java\git\MethodDemosGit-heuristic\MethodDemos\output\result\result-TUW-221215-xstream.xml"")";"=HYPERLINK(""D:\Java\git\MethodDemosGit-heuristic\MethodDemos\output\extracted\cermine\cermine-TUW-221215-xstream.xml"")";"Diplom- oder Masterarbeiten";"100,00";"0,00";"0,00";"NA";"0,00";"NA";"NA";"0,00";"0,00";"NA";"0,00";"NA";"0,00";"0,00";"0,00";"NA";"23,53";"0,00";"0,00";"15,38";"20,35";"11,20";"9,92"
"TUW-223906";"=HYPERLINK(""D:\Java\git\MethodDemosGit-heuristic\MethodDemos\output\groundtruth\TUW-223906.pdf"")";"=HYPERLINK(""D:\Java\git\MethodDemosGit-heuristic\MethodDemos\output\result\result-TUW-223906-xstream.xml"")";"=HYPERLINK(""D:\Java\git\MethodDemosGit-heuristic\MethodDemos\output\extracted\cermine\cermine-TUW-223906-xstream.xml"")";"Beiträge in Tagungsbänden";"100,00";"0,00";"100,00";"NA";"100,00";"100,00";"100,00";"100,00";"100,00";"0,00";"NA";"NA";"0,00";"0,00";"NA";"NA";"100,00";"0,00";"100,00";"100,00";"83,33";"76,92";"66,67"
"TUW-223973";"=HYPERLINK(""D:\Java\git\MethodDemosGit-heuristic\MethodDemos\output\groundtruth\TUW-223973.pdf"")";"=HYPERLINK(""D:\Java\git\MethodDemosGit-heuristic\MethodDemos\output\result\result-TUW-223973-xstream.xml"")";"=HYPERLINK(""D:\Java\git\MethodDemosGit-heuristic\MethodDemos\output\extracted\cermine\cermine-TUW-223973-xstream.xml"")";"Buchbeiträge";"100,00";"0,00";"100,00";"100,00";"100,00";"NA";"NA";"100,00";"100,00";"NA";"NA";"NA";"NA";"NA";"NA";"NA";"0,00";"0,00";"0,00";"100,00";"77,78";"63,64";"63,64"
"TUW-225252";"=HYPERLINK(""D:\Java\git\MethodDemosGit-heuristic\MethodDemos\output\groundtruth\TUW-225252.pdf"")";"=HYPERLINK(""D:\Java\git\MethodDemosGit-heuristic\MethodDemos\output\result\result-TUW-225252-xstream.xml"")";"=HYPERLINK(""D:\Java\git\MethodDemosGit-heuristic\MethodDemos\output\extracted\cermine\cermine-TUW-225252-xstream.xml"")";"Beiträge in Tagungsbänden";"100,00";"0,00";"0,00";"NA";"75,00";"0,00";"0,00";"66,67";"50,00";"NA";"NA";"NA";"NA";"NA";"NA";"NA";"80,00";"0,00";"66,67";"100,00";"56,25";"62,96";"44,86"
"TUW-226000";"=HYPERLINK(""D:\Java\git\MethodDemosGit-heuristic\MethodDemos\output\groundtruth\TUW-226000.pdf"")";"=HYPERLINK(""D:\Java\git\MethodDemosGit-heuristic\MethodDemos\output\result\result-TUW-226000-xstream.xml"")";"=HYPERLINK(""D:\Java\git\MethodDemosGit-heuristic\MethodDemos\output\extracted\cermine\cermine-TUW-226000-xstream.xml"")";"Beiträge in Tagungsbänden";"100,00";"0,00";"100,00";"100,00";"100,00";"0,00";"0,00";"100,00";"85,71";"NA";"NA";"NA";"NA";"NA";"NA";"NA";"100,00";"100,00";"100,00";"92,86";"82,74";"87,99";"75,27"
"TUW-226016";"=HYPERLINK(""D:\Java\git\MethodDemosGit-heuristic\MethodDemos\output\groundtruth\TUW-226016.pdf"")";"=HYPERLINK(""D:\Java\git\MethodDemosGit-heuristic\MethodDemos\output\result\result-TUW-226016-xstream.xml"")";"=HYPERLINK(""D:\Java\git\MethodDemosGit-heuristic\MethodDemos\output\extracted\cermine\cermine-TUW-226016-xstream.xml"")";"Diplom- oder Masterarbeiten";"100,00";"0,00";"0,00";"0,00";"0,00";"NA";"NA";"100,00";"0,00";"NA";"NA";"NA";"0,00";"0,00";"0,00";"NA";"0,00";"0,00";"0,00";"0,00";"22,22";"18,18";"14,29"
"TUW-228620";"=HYPERLINK(""D:\Java\git\MethodDemosGit-heuristic\MethodDemos\output\groundtruth\TUW-228620.pdf"")";"=HYPERLINK(""D:\Java\git\MethodDemosGit-heuristic\MethodDemos\output\result\result-TUW-228620-xstream.xml"")";"=HYPERLINK(""D:\Java\git\MethodDemosGit-heuristic\MethodDemos\output\extracted\cermine\cermine-TUW-228620-xstream.xml"")";"Zeitschriftenartikel";"100,00";"0,00";"0,00";"100,00";"100,00";"100,00";"100,00";"75,00";"30,00";"0,00";"NA";"NA";"NA";"NA";"NA";"0,00";"50,00";"NA";"60,00";"91,11";"75,90";"59,19";"57,58"
"TUW-231707";"=HYPERLINK(""D:\Java\git\MethodDemosGit-heuristic\MethodDemos\output\groundtruth\TUW-231707.pdf"")";"=HYPERLINK(""D:\Java\git\MethodDemosGit-heuristic\MethodDemos\output\result\result-TUW-231707-xstream.xml"")";"=HYPERLINK(""D:\Java\git\MethodDemosGit-heuristic\MethodDemos\output\extracted\cermine\cermine-TUW-231707-xstream.xml"")";"Buchbeiträge";"100,00";"0,00";"0,00";"NA";"100,00";"NA";"NA";"66,67";"66,67";"NA";"NA";"NA";"NA";"NA";"NA";"NA";"90,91";"90,91";"0,00";"0,00";"85,71";"46,67";"51,51"
"TUW-233317";"=HYPERLINK(""D:\Java\git\MethodDemosGit-heuristic\MethodDemos\output\groundtruth\TUW-233317.pdf"")";"=HYPERLINK(""D:\Java\git\MethodDemosGit-heuristic\MethodDemos\output\result\result-TUW-233317-xstream.xml"")";"=HYPERLINK(""D:\Java\git\MethodDemosGit-heuristic\MethodDemos\output\extracted\cermine\cermine-TUW-233317-xstream.xml"")";"Beiträge in Tagungsbänden";"100,00";"0,00";"100,00";"100,00";"75,00";"100,00";"0,00";"100,00";"75,00";"NA";"NA";"NA";"NA";"NA";"NA";"NA";"76,92";"0,00";"72,73";"100,00";"79,06";"73,08";"69,20"
"TUW-233657";"=HYPERLINK(""D:\Java\git\MethodDemosGit-heuristic\MethodDemos\output\groundtruth\TUW-233657.pdf"")";"=HYPERLINK(""D:\Java\git\MethodDemosGit-heuristic\MethodDemos\output\result\result-TUW-233657-xstream.xml"")";"=HYPERLINK(""D:\Java\git\MethodDemosGit-heuristic\MethodDemos\output\extracted\cermine\cermine-TUW-233657-xstream.xml"")";"Beiträge in Tagungsbänden";"100,00";"0,00";"100,00";"100,00";"72,73";"100,00";"100,00";"28,57";"14,81";"NA";"NA";"NA";"NA";"NA";"NA";"NA";"80,00";"22,22";"40,00";"96,00";"78,51";"66,67";"65,72"
"TUW-236063";"=HYPERLINK(""D:\Java\git\MethodDemosGit-heuristic\MethodDemos\output\groundtruth\TUW-236063.pdf"")";"=HYPERLINK(""D:\Java\git\MethodDemosGit-heuristic\MethodDemos\output\result\result-TUW-236063-xstream.xml"")";"=HYPERLINK(""D:\Java\git\MethodDemosGit-heuristic\MethodDemos\output\extracted\cermine\cermine-TUW-236063-xstream.xml"")";"Beiträge in Tagungsbänden";"100,00";"0,00";"100,00";"NA";"0,00";"NA";"NA";"0,00";"0,00";"NA";"NA";"NA";"NA";"NA";"NA";"NA";"57,14";"0,00";"100,00";"100,00";"75,00";"46,67";"45,71"
"TUW-236120";"=HYPERLINK(""D:\Java\git\MethodDemosGit-heuristic\MethodDemos\output\groundtruth\TUW-236120.pdf"")";"=HYPERLINK(""D:\Java\git\MethodDemosGit-heuristic\MethodDemos\output\result\result-TUW-236120-xstream.xml"")";"=HYPERLINK(""D:\Java\git\MethodDemosGit-heuristic\MethodDemos\output\extracted\cermine\cermine-TUW-236120-xstream.xml"")";"Beiträge in Tagungsbänden";"100,00";"0,00";"100,00";"100,00";"100,00";"100,00";"100,00";"100,00";"100,00";"NA";"NA";"NA";"NA";"NA";"NA";"NA";"37,50";"0,00";"0,00";"27,27";"88,64";"64,68";"66,52"
"TUW-237297";"=HYPERLINK(""D:\Java\git\MethodDemosGit-heuristic\MethodDemos\output\groundtruth\TUW-237297.pdf"")";"=HYPERLINK(""D:\Java\git\MethodDemosGit-heuristic\MethodDemos\output\result\result-TUW-237297-xstream.xml"")";"=HYPERLINK(""D:\Java\git\MethodDemosGit-heuristic\MethodDemos\output\extracted\cermine\cermine-TUW-237297-xstream.xml"")";"Beiträge in Tagungsbänden";"100,00";"0,00";"100,00";"0,00";"100,00";"NA";"NA";"NA";"NA";"0,00";"NA";"NA";"0,00";"0,00";"NA";"NA";"54,55";"NA";"40,00";"88,89";"59,55";"58,02";"43,95"
"TUW-240858";"=HYPERLINK(""D:\Java\git\MethodDemosGit-heuristic\MethodDemos\output\groundtruth\TUW-240858.pdf"")";"=HYPERLINK(""D:\Java\git\MethodDemosGit-heuristic\MethodDemos\output\result\result-TUW-240858-xstream.xml"")";"=HYPERLINK(""D:\Java\git\MethodDemosGit-heuristic\MethodDemos\output\extracted\cermine\cermine-TUW-240858-xstream.xml"")";"Beiträge in Tagungsbänden";"100,00";"0,00";"100,00";"NA";"100,00";"100,00";"100,00";"100,00";"100,00";"NA";"NA";"NA";"NA";"NA";"NA";"NA";"44,44";"0,00";"57,14";"100,00";"93,33";"73,61";"75,13"
"TUW-245336";"=HYPERLINK(""D:\Java\git\MethodDemosGit-heuristic\MethodDemos\output\groundtruth\TUW-245336.pdf"")";"=HYPERLINK(""D:\Java\git\MethodDemosGit-heuristic\MethodDemos\output\result\result-TUW-245336-xstream.xml"")";"=HYPERLINK(""D:\Java\git\MethodDemosGit-heuristic\MethodDemos\output\extracted\cermine\cermine-TUW-245336-xstream.xml"")";"Buchbeiträge";"100,00";"0,00";"100,00";"NA";"100,00";"NA";"NA";"NA";"NA";"NA";"NA";"NA";"NA";"NA";"NA";"NA";"100,00";"0,00";"100,00";"100,00";"100,00";"75,00";"75,00"
"TUW-245799";"=HYPERLINK(""D:\Java\git\MethodDemosGit-heuristic\MethodDemos\output\groundtruth\TUW-245799.pdf"")";"=HYPERLINK(""D:\Java\git\MethodDemosGit-heuristic\MethodDemos\output\result\result-TUW-245799-xstream.xml"")";"=HYPERLINK(""D:\Java\git\MethodDemosGit-heuristic\MethodDemos\output\extracted\cermine\cermine-TUW-245799-xstream.xml"")";"Zeitschriftenartikel";"100,00";"0,00";"100,00";"100,00";"100,00";"80,00";"40,00";"0,00";"0,00";"0,00";"0,00";"0,00";"0,00";"0,00";"NA";"NA";"100,00";"100,00";"100,00";"85,71";"55,04";"68,13";"50,32"
"TUW-247301";"=HYPERLINK(""D:\Java\git\MethodDemosGit-heuristic\MethodDemos\output\groundtruth\TUW-247301.pdf"")";"=HYPERLINK(""D:\Java\git\MethodDemosGit-heuristic\MethodDemos\output\result\result-TUW-247301-xstream.xml"")";"=HYPERLINK(""D:\Java\git\MethodDemosGit-heuristic\MethodDemos\output\extracted\cermine\cermine-TUW-247301-xstream.xml"")";"Beiträge in Tagungsbänden";"100,00";"0,00";"NA";"NA";"100,00";"100,00";"100,00";"100,00";"100,00";"NA";"NA";"NA";"NA";"NA";"NA";"NA";"100,00";"0,00";"100,00";"100,00";"100,00";"81,82";"81,82"
"TUW-247741";"=HYPERLINK(""D:\Java\git\MethodDemosGit-heuristic\MethodDemos\output\groundtruth\TUW-247741.pdf"")";"=HYPERLINK(""D:\Java\git\MethodDemosGit-heuristic\MethodDemos\output\result\result-TUW-247741-xstream.xml"")";"=HYPERLINK(""D:\Java\git\MethodDemosGit-heuristic\MethodDemos\output\extracted\cermine\cermine-TUW-247741-xstream.xml"")";"Beiträge in Tagungsbänden";"100,00";"0,00";"100,00";"0,00";"80,00";"NA";"NA";"100,00";"57,14";"0,00";"NA";"NA";"0,00";"0,00";"NA";"NA";"58,82";"16,67";"25,00";"100,00";"69,70";"50,66";"45,54"
"TUW-247743";"=HYPERLINK(""D:\Java\git\MethodDemosGit-heuristic\MethodDemos\output\groundtruth\TUW-247743.pdf"")";"=HYPERLINK(""D:\Java\git\MethodDemosGit-heuristic\MethodDemos\output\result\result-TUW-247743-xstream.xml"")";"=HYPERLINK(""D:\Java\git\MethodDemosGit-heuristic\MethodDemos\output\extracted\cermine\cermine-TUW-247743-xstream.xml"")";"Diplom- oder Masterarbeiten";"100,00";"0,00";"0,00";"NA";"66,67";"NA";"NA";"0,00";"0,00";"NA";"NA";"NA";"0,00";"0,00";"0,00";"NA";"0,00";"0,00";"0,00";"0,00";"16,67";"18,18";"12,82"
"TUW-251544";"=HYPERLINK(""D:\Java\git\MethodDemosGit-heuristic\MethodDemos\output\groundtruth\TUW-251544.pdf"")";"=HYPERLINK(""D:\Java\git\MethodDemosGit-heuristic\MethodDemos\output\result\result-TUW-251544-xstream.xml"")";"=HYPERLINK(""D:\Java\git\MethodDemosGit-heuristic\MethodDemos\output\extracted\cermine\cermine-TUW-251544-xstream.xml"")";"Zeitschriftenartikel";"100,00";"0,00";"0,00";"100,00";"100,00";"100,00";"100,00";"0,00";"0,00";"NA";"NA";"NA";"NA";"NA";"NA";"NA";"54,55";"0,00";"0,00";"0,00";"85,71";"41,35";"42,66"
"TUW-252847";"=HYPERLINK(""D:\Java\git\MethodDemosGit-heuristic\MethodDemos\output\groundtruth\TUW-252847.pdf"")";"=HYPERLINK(""D:\Java\git\MethodDemosGit-heuristic\MethodDemos\output\result\result-TUW-252847-xstream.xml"")";"=HYPERLINK(""D:\Java\git\MethodDemosGit-heuristic\MethodDemos\output\extracted\cermine\cermine-TUW-252847-xstream.xml"")";"Beiträge in Tagungsbänden";"100,00";"0,00";"100,00";"NA";"83,33";"100,00";"83,33";"100,00";"83,33";"0,00";"NA";"NA";"0,00";"0,00";"NA";"NA";"100,00";"25,00";"100,00";"94,44";"80,34";"73,75";"64,63"
"TUW-255712";"=HYPERLINK(""D:\Java\git\MethodDemosGit-heuristic\MethodDemos\output\groundtruth\TUW-255712.pdf"")";"=HYPERLINK(""D:\Java\git\MethodDemosGit-heuristic\MethodDemos\output\result\result-TUW-255712-xstream.xml"")";"=HYPERLINK(""D:\Java\git\MethodDemosGit-heuristic\MethodDemos\output\extracted\cermine\cermine-TUW-255712-xstream.xml"")";"Beiträge in Tagungsbänden";"100,00";"0,00";"100,00";"NA";"100,00";"NA";"NA";"100,00";"100,00";"NA";"NA";"NA";"NA";"NA";"NA";"NA";"0,00";"NA";"0,00";"79,25";"71,88";"64,89";"64,36"
"TUW-256654";"=HYPERLINK(""D:\Java\git\MethodDemosGit-heuristic\MethodDemos\output\groundtruth\TUW-256654.pdf"")";"=HYPERLINK(""D:\Java\git\MethodDemosGit-heuristic\MethodDemos\output\result\result-TUW-256654-xstream.xml"")";"=HYPERLINK(""D:\Java\git\MethodDemosGit-heuristic\MethodDemos\output\extracted\cermine\cermine-TUW-256654-xstream.xml"")";"Beiträge in Tagungsbänden";"0,00";"0,00";"0,00";"NA";"66,67";"0,00";"0,00";"0,00";"0,00";"NA";"NA";"NA";"NA";"NA";"NA";"NA";"0,00";"0,00";"0,00";"0,00";"12,50";"8,33";"5,56"
"TUW-257397";"=HYPERLINK(""D:\Java\git\MethodDemosGit-heuristic\MethodDemos\output\groundtruth\TUW-257397.pdf"")";"=HYPERLINK(""D:\Java\git\MethodDemosGit-heuristic\MethodDemos\output\result\result-TUW-257397-xstream.xml"")";"=HYPERLINK(""D:\Java\git\MethodDemosGit-heuristic\MethodDemos\output\extracted\cermine\cermine-TUW-257397-xstream.xml"")";"Buchbeiträge";"100,00";"0,00";"100,00";"NA";"100,00";"100,00";"100,00";"100,00";"100,00";"NA";"NA";"NA";"NA";"NA";"NA";"NA";"66,67";"73,68";"76,92";"89,66";"99,06";"80,04";"83,91"
"TUW-257870";"=HYPERLINK(""D:\Java\git\MethodDemosGit-heuristic\MethodDemos\output\groundtruth\TUW-257870.pdf"")";"=HYPERLINK(""D:\Java\git\MethodDemosGit-heuristic\MethodDemos\output\result\result-TUW-257870-xstream.xml"")";"=HYPERLINK(""D:\Java\git\MethodDemosGit-heuristic\MethodDemos\output\extracted\cermine\cermine-TUW-257870-xstream.xml"")";"Beiträge in Tagungsbänden";"100,00";"0,00";"100,00";"0,00";"80,00";"100,00";"100,00";"80,00";"80,00";"0,00";"NA";"NA";"0,00";"0,00";"NA";"NA";"0,00";"NA";"0,00";"60,00";"53,57";"61,54";"46,67"
