"path";"PDF";"original";"extracted";"original value";"extracted value";"Precision";"Recall";"F1"
"TUW-137078";"=HYPERLINK(""D:\Java\git\MethodDemosGit\MethodDemos\output\groundtruth\TUW-137078.pdf"")";"=HYPERLINK(""D:\Java\git\MethodDemosGit\MethodDemos\output\result\result-TUW-137078-xstream.xml"")";"=HYPERLINK(""D:\Java\git\MethodDemosGit\MethodDemos\output\extracted\grobid\grobid-TUW-137078-xstream.xml"")";"INTRODUCTION --- ref1
EVALUATION METHODS --- ref6 ref4 ref3 ref5 ref2";"INTRODUCTION --- ref1
EVALUATION METHODS --- ref6 ref4 ref3 ref2";"100,00";"100,00";"100,00"
"TUW-138011";"=HYPERLINK(""D:\Java\git\MethodDemosGit\MethodDemos\output\groundtruth\TUW-138011.pdf"")";"=HYPERLINK(""D:\Java\git\MethodDemosGit\MethodDemos\output\result\result-TUW-138011-xstream.xml"")";"=HYPERLINK(""D:\Java\git\MethodDemosGit\MethodDemos\output\extracted\grobid\grobid-TUW-138011-xstream.xml"")";"Linking: the relation between a formal and informal guideline --- ref5 ref6
Introduction --- ref2 ref3 ref7 ref9 ref5
The case study --- ref9 ref10 ref1 ref8 ref9 ref4 ref10";"";"none extracted value";"0,00";"0,00"
"TUW-138447";"=HYPERLINK(""D:\Java\git\MethodDemosGit\MethodDemos\output\groundtruth\TUW-138447.pdf"")";"=HYPERLINK(""D:\Java\git\MethodDemosGit\MethodDemos\output\result\result-TUW-138447-xstream.xml"")";"=HYPERLINK(""D:\Java\git\MethodDemosGit\MethodDemos\output\extracted\grobid\grobid-TUW-138447-xstream.xml"")";"Results --- ref9 ref7 ref11 ref19 ref15 ref10 ref6 ref9 ref7 ref11 ref19 ref13 ref13 ref10 ref6 ref6 ref10
Linear network models --- ref15
Forward selection --- ref15 ref18 ref9 ref7 ref11 ref19 ref14
STATE OF THE ART --- ref16 ref3 ref20 ref2 ref15 ref4 ref6 ref10 ref6
Neural networks --- ref5 ref1 ref5 ref15 ref1
Training and test sets --- ref13
Non–linear network models --- ref6 ref10 ref6 ref6 ref10
Basis functions --- ref15
Radial basis function networks --- ref4
INTRODUCTION --- ref8
BACKGROUND --- ref15
Modified estimator for RBFN weights --- ref6 ref4 ref12 ref17 ref6";"";"none extracted value";"0,00";"0,00"
"TUW-138544";"=HYPERLINK(""D:\Java\git\MethodDemosGit\MethodDemos\output\groundtruth\TUW-138544.pdf"")";"=HYPERLINK(""D:\Java\git\MethodDemosGit\MethodDemos\output\result\result-TUW-138544-xstream.xml"")";"=HYPERLINK(""D:\Java\git\MethodDemosGit\MethodDemos\output\extracted\grobid\grobid-TUW-138544-xstream.xml"")";"INTRODUCTION --- ref1 ref2
MPEG-7 aggregation and localisation structures --- ref4
General framework design --- ref5 ref2 ref3
Overview --- ref5 ref6
Implementation details --- ref7";"";"none extracted value";"0,00";"0,00"
"TUW-138547";"=HYPERLINK(""D:\Java\git\MethodDemosGit\MethodDemos\output\groundtruth\TUW-138547.pdf"")";"=HYPERLINK(""D:\Java\git\MethodDemosGit\MethodDemos\output\result\result-TUW-138547-xstream.xml"")";"=HYPERLINK(""D:\Java\git\MethodDemosGit\MethodDemos\output\extracted\grobid\grobid-TUW-138547-xstream.xml"")";"Introduction --- ref4 ref5 ref6
Software --- ref3
Conclusions and future work --- ref6
Related work --- ref2 ref1 ref7 ref4 ref5 ref6 ref6 ref5 ref4";"";"none extracted value";"0,00";"0,00"
"TUW-139299";"=HYPERLINK(""D:\Java\git\MethodDemosGit\MethodDemos\output\groundtruth\TUW-139299.pdf"")";"=HYPERLINK(""D:\Java\git\MethodDemosGit\MethodDemos\output\result\result-TUW-139299-xstream.xml"")";"=HYPERLINK(""D:\Java\git\MethodDemosGit\MethodDemos\output\extracted\grobid\grobid-TUW-139299-xstream.xml"")";"The Plan Representation Language Asbru --- ref8 ref5
Related Work --- ref6 ref11 ref3 ref9 ref7
Introduction --- ref4 ref10
Design and Implementation --- ref1 ref2";"The Plan Representation Language Asbru --- ref9 ref4
Related Work --- ref6 ref2 ref8
Introduction --- ref3 ref11
Design and Implementation --- ref1 ref2";"25,00";"25,00";"25,00"
"TUW-139761";"=HYPERLINK(""D:\Java\git\MethodDemosGit\MethodDemos\output\groundtruth\TUW-139761.pdf"")";"=HYPERLINK(""D:\Java\git\MethodDemosGit\MethodDemos\output\result\result-TUW-139761-xstream.xml"")";"=HYPERLINK(""D:\Java\git\MethodDemosGit\MethodDemos\output\extracted\grobid\grobid-TUW-139761-xstream.xml"")";"Overview of Genetic Programming --- Koz92 Hol75
Fitness function and bloat control --- Koz92 PL04 PL04 PL04
Additional settings --- Rey92 Hol75 Fra94
Control parameters --- Koz92 Koz92
Option pricing --- Hul02 Nef00
Population size, number of generations and mutation --- Koz92 Keb99
Monte Carlo simulation of a GARCH process --- Dua95 GS96 Dua95 BBG97 BBG97 DS95 BBG97
Functions and terminals --- Keb99 Nol97
Terminal set and function set --- Koz92
Genetic operations --- Koz92 Fra94 Fra94 KBAK99 KBAK99
Introduction --- BCK92 Hol75 Koz92 K+03 Han98 DS01
GPOPdata --- Wei97
The Black-Scholes formula --- Hul02 Nef00 BS73 Nef00
Creation of the initial population --- Koz92 Fra94
Neural networks --- Han98 Han97 Han97 Han97
Discrete-time stochastic processes --- Hul02
The GARCH model --- Bol86 Eng82 BCK92 Han98
Some definitions and basic models --- Nef00 Hul02 Hul02 Hul02
Genetic algorithms --- BFM97 Mic92 Hol75 Koz92 Mic92
Automatic defined functions --- Koz94 KBAK99 KBAK99
Bloat control --- PL04 PL04 Koz92 PL04
Genetic Programming --- Keb99 Hul02
Comparison of the result with [DS01] --- DS01 DS01 DS01 DS01
Future issues --- DS01
Basic terminology --- Mic92 Mic92 Koz92
Strategic decisions of the new approach --- Koz92
A survey of existing approaches in option pricing --- Han97 DS95 Keb99
Comparison of the result with [Keb99] --- Keb99 Keb99 Keb99
Comparison of the result with [Han98] --- Han98 Han98 Han98
A random number generator library --- Dav02 Dav02 Dav02
GNU Scientific Library --- G+04 G+04
Libraries --- Str98
Genetic Programming --- Koz92 BNKF98 KBAK99
GARCH process --- Han98
New classes and functions --- Nol97 Zol86
Markov chain approximation --- DS01 Han98 DS01 DS01 Keb99
The Genetic Programming kernel --- Sin94 Fra94 Wei97 Obj03 Wei97 Wei97 Wei97 Wei97
Test results --- Vie97";"";"none extracted value";"0,00";"0,00"
"TUW-139769";"=HYPERLINK(""D:\Java\git\MethodDemosGit\MethodDemos\output\groundtruth\TUW-139769.pdf"")";"=HYPERLINK(""D:\Java\git\MethodDemosGit\MethodDemos\output\result\result-TUW-139769-xstream.xml"")";"=HYPERLINK(""D:\Java\git\MethodDemosGit\MethodDemos\output\extracted\grobid\grobid-TUW-139769-xstream.xml"")";"Branch and Cut --- ref31
Thesis Overview --- ref13
Long Runs --- ref2 ref14
Local Branching Extensions --- ref13 ref8
Generating Log Files --- ref2
Local Branching --- ref13
Greedy Heuristics --- ref38 ref37 ref38
Test File Format --- ref6
Cutting Plane Algorithms --- ref30 ref15 ref16 ref7 ref30 ref10 ref11 ref1 ref5
Evolutionary Algorithms --- ref33 ref34 ref35 ref6 ref9 ref18 ref17 ref33 ref39
Local Branching and Node Limits --- ref2
Algorithms for Knapsack Problems --- ref32 ref23 ref19
Relaxation-Based Heuristics --- ref3
Introduction --- ref25 ref30 ref13
Design of COIN/BCP --- ref36
Branch and Cut --- ref26 ref29 ref36 ref42
MK-gk11: 2500 variables, 100 constraints --- ref14
Multidimensional Knapsack Problems --- ref24 ref4
Hybrid Algorithms --- ref27 ref40 ref41
Introduction --- ref21
History --- ref12
Developing Applications with COIN/BCP --- ref36 ref36
Branch and Bound --- ref25 ref20
Tightening the Search Tree by Variable Fixing --- ref8
Test Results --- ref2 ref14
Relaxations --- ref22 ref20
COIN/BCP --- ref28";"Branch and Cut --- ref31
Hybrid Algorithms --- ref27 ref40
Thesis Overview --- ref13
Long Runs --- ref2 ref14
Local Branching Extensions --- ref13 ref8
Greedy Heuristics --- ref38 ref37 ref38
Test File Format --- ref6
Cutting Plane Algorithms --- ref30 ref15 ref16 ref7 ref30 ref10 ref11 ref1 ref5
Chapter 1 Introduction --- ref25 ref30 ref13
Evolutionary Algorithms --- ref33 ref34 ref35 ref6 ref9 ref18 ref17 ref33 ref39
Local Branching and Node Limits --- ref2
Relaxation-Based Heuristics --- ref3
Design of COIN/BCP --- ref36
MK-gk11: 2500 variables, 100 constraints --- ref14
B.1 Generating Log Files --- ref2
Chapter 5 COIN/BCP --- ref28
Introduction --- ref21
History --- ref12
Developing Applications with COIN/BCP --- ref36 ref36
Tightening the Search Tree by Variable Fixing --- ref8
Test Results --- ref2 ref14
Relaxations --- ref22 ref20
Algorithms for Knapsack Problems --- ref32 ref23
Multidimensional Knapsack Problems --- ref4
Chapter 2 Branch and Cut --- ref26 ref29 ref36 ref42";"84,00";"77,78";"80,77"
"TUW-139781";"=HYPERLINK(""D:\Java\git\MethodDemosGit\MethodDemos\output\groundtruth\TUW-139781.pdf"")";"=HYPERLINK(""D:\Java\git\MethodDemosGit\MethodDemos\output\result\result-TUW-139781-xstream.xml"")";"=HYPERLINK(""D:\Java\git\MethodDemosGit\MethodDemos\output\extracted\grobid\grobid-TUW-139781-xstream.xml"")";"The Branch-and-Cut Part --- ref7 ref8 ref1 ref2 ref7 ref8
The Multidimensional Knapsack Problem --- ref4 ref7 ref8 ref8 ref6 ref1
Computational Experiments --- ref7 ref8 ref7 ref8 ref8 ref7 ref8 ref7 ref8 ref7 ref8 ref8
The Memetic Algorithm Part --- ref5 ref3 ref6 ref3 ref1";"779 --- ref7 ref8 ref8 ref7 ref8 ref7 ref8 ref7 ref8 ref8
The Memetic Algorithm Part --- ref5 ref3 ref6 ref3 ref1
The Multidimensional Knapsack Problem --- ref8 ref8 ref6 ref1
The Branch-and-Cut Part --- ref7 ref8 ref1 ref2";"75,00";"75,00";"75,00"
"TUW-139785";"=HYPERLINK(""D:\Java\git\MethodDemosGit\MethodDemos\output\groundtruth\TUW-139785.pdf"")";"=HYPERLINK(""D:\Java\git\MethodDemosGit\MethodDemos\output\result\result-TUW-139785-xstream.xml"")";"=HYPERLINK(""D:\Java\git\MethodDemosGit\MethodDemos\output\extracted\grobid\grobid-TUW-139785-xstream.xml"")";"Test Cases --- ref7 ref34
Class qapChrom --- ref26
Trace Formulation --- ref10
Heuristics --- ref15
Exact Algorithms --- ref13 ref5 ref2
Metaheuristics --- ref16 ref19 ref4
Lower Bounds --- ref15 ref25 ref1 ref36
Simulated Annealing --- ref22 ref8 ref31 ref21
Problem Description --- ref27 ref24
Quadratic Assignment Problem --- ref23 ref27 ref39 ref20 ref14 ref5 ref27
Greedy Randomized Adaptive Search Procedure --- ref11 ref12 ref12 ref26 ref37 ref38
Basic Local Search --- ref28 ref29 ref30
Steinberg Wiring Problem --- ref40 ref6
Applications --- ref23
List of Figures --- ref33
Tabu Search --- ref16 ref41 ref3 ref17 ref18
Requirements --- ref35
Guided Local Search --- ref43 ref44 ref32 ref44 ref42 ref45
Experimental Results --- ref7 ref34
Formulations --- ref27 ref9
Parameters --- ref7
Antenna Assembly Sequence Problem --- ref33 ref33
Integer Linear Programming --- ref23";"Test Cases --- ref7 ref34
Quadratic Assignment Problem --- ref23 ref27 ref20 ref14 ref5 ref27
Greedy Randomized Adaptive Search Proce- dure --- ref11 ref12 ref12 ref26 ref37
Trace Formulation --- ref10
Formulations --- ref27
Heuristics --- ref15
Exact Algorithms --- ref13 ref5 ref2
24 --- ref17 ref18 ref25
Metaheuristics --- ref16
Simulated Annealing --- ref22 ref8 ref31 ref21
Lower Bounds --- ref15 ref25 ref1 ref36 ref1
Steinberg Wiring Problem --- ref40 ref6 ref16
8 --- ref27 ref24
Tabu Search --- ref16 ref41 ref3
20 --- ref28 ref29 ref30
Applications --- ref23
Guided Local Search --- ref43 ref44 ref32 ref44
Algorithms (GA), Guided Local Search (GLS), Greedy Randomized Adaptive Search --- ref19 ref4
Algorithm 5: Guided Local Search --- ref42 ref45
Experimental Results --- ref7 ref34
Chapter 4 Requirements --- ref35
Integer Linear Programming --- ref23";"68,18";"65,22";"66,67"
"TUW-140047";"=HYPERLINK(""D:\Java\git\MethodDemosGit\MethodDemos\output\groundtruth\TUW-140047.pdf"")";"=HYPERLINK(""D:\Java\git\MethodDemosGit\MethodDemos\output\result\result-TUW-140047-xstream.xml"")";"=HYPERLINK(""D:\Java\git\MethodDemosGit\MethodDemos\output\extracted\grobid\grobid-TUW-140047-xstream.xml"")";"Introduction --- ref1 ref2
Audio Cover Song Identification --- ref3
Audio Feature Extraction --- ref3 ref4 ref2 ref5";"";"none extracted value";"0,00";"0,00"
"TUW-140048";"=HYPERLINK(""D:\Java\git\MethodDemosGit\MethodDemos\output\groundtruth\TUW-140048.pdf"")";"=HYPERLINK(""D:\Java\git\MethodDemosGit\MethodDemos\output\result\result-TUW-140048-xstream.xml"")";"=HYPERLINK(""D:\Java\git\MethodDemosGit\MethodDemos\output\extracted\grobid\grobid-TUW-140048-xstream.xml"")";"Processing information exchanges between partners --- [Obj04] [Ros02] [ISO95] [BJJW02]
The transformation process: An overview --- [Obj00] [HH04a] [HH04b]
Related work --- [HHK05] [BEA03] [Wor04] [Obj00] [Wor99]
Motivation --- [UN/01] [UN/03] [HH04a] [HHK05]
Processing collaborations between partners --- [UN/01]
Processing collaborations between partners --- [Obj04]
Processing information exchanges between partners --- [HH04a]";"";"none extracted value";"0,00";"0,00"
"TUW-140229";"=HYPERLINK(""D:\Java\git\MethodDemosGit\MethodDemos\output\groundtruth\TUW-140229.pdf"")";"=HYPERLINK(""D:\Java\git\MethodDemosGit\MethodDemos\output\result\result-TUW-140229-xstream.xml"")";"=HYPERLINK(""D:\Java\git\MethodDemosGit\MethodDemos\output\extracted\grobid\grobid-TUW-140229-xstream.xml"")";"Calculation of learning styles --- ref6 ref7 ref4 ref8 ref9 ref10
Patterns of behavior --- ref5
Introduction --- ref1 ref2 ref3 ref4";"";"none extracted value";"0,00";"0,00"
"TUW-140253";"=HYPERLINK(""D:\Java\git\MethodDemosGit\MethodDemos\output\groundtruth\TUW-140253.pdf"")";"=HYPERLINK(""D:\Java\git\MethodDemosGit\MethodDemos\output\result\result-TUW-140253-xstream.xml"")";"=HYPERLINK(""D:\Java\git\MethodDemosGit\MethodDemos\output\extracted\grobid\grobid-TUW-140253-xstream.xml"")";"INTRODUCTION --- ref21 ref1
DISCUSSION, RELATED WORK --- ref19 ref21 ref23 ref32 ref3 ref4 ref6 ref16 ref19 ref2 ref14 ref18 ref20 ref26 ref7 ref15 ref17 ref34 ref28 ref25 ref29 ref35 ref5 ref30 ref8 ref33 ref15 ref13 ref8 ref12 ref24 ref33 ref27 ref9 ref22 ref11
STATIC PROCESS TYPES --- ref21
CONCLUSION --- ref10 ref32 ref31";"DISCUSSION, RELATED WORK --- ref4 ref10 ref10 ref7";"0,00";"0,00";"0,00"
"TUW-140308";"=HYPERLINK(""D:\Java\git\MethodDemosGit\MethodDemos\output\groundtruth\TUW-140308.pdf"")";"=HYPERLINK(""D:\Java\git\MethodDemosGit\MethodDemos\output\result\result-TUW-140308-xstream.xml"")";"=HYPERLINK(""D:\Java\git\MethodDemosGit\MethodDemos\output\extracted\grobid\grobid-TUW-140308-xstream.xml"")";"Introduction --- ref1 ref2
What Is Algorithmic Thinking? --- ref3
How to Teach Algorithmic Thinking? --- ref4 ref1";"";"none extracted value";"0,00";"0,00"
"TUW-140533";"=HYPERLINK(""D:\Java\git\MethodDemosGit\MethodDemos\output\groundtruth\TUW-140533.pdf"")";"=HYPERLINK(""D:\Java\git\MethodDemosGit\MethodDemos\output\result\result-TUW-140533-xstream.xml"")";"=HYPERLINK(""D:\Java\git\MethodDemosGit\MethodDemos\output\extracted\grobid\grobid-TUW-140533-xstream.xml"")";"Summary --- Gries,1989 Dijkstra and Scholten,1990 Gries,1989 Hoare,2003
Weakest Preconditions --- Gannon et al.,1993 Gries,1989 Dijkstra and Scholten,1990 Winkler,1995
PVS Specification and Verification System --- Owre et al.,1992 Owre et al.,2001a Owre et al.,2001a Owre et al.,2001a Owre and Shankar,1999 Owre et al.,2001a Owre et al.,2001a Owre et al.,2001b Owre et al.,2001c Owre et al.,1992 Owre et al.,1998
Methodology --- Freining et al.,2002 Griffioen and Huisman,1998
Historical perspective --- Jones,2003 Hoare,1969 Hoare,2003 Mayer,2003
Natural Deduction --- Juth and Ryan,2004 van Dalen,2004
Perfect Developer --- Crocker,2001 Crocker,2004b Crocker,2004a Crocker,2003b Crocker,2003a
Overview --- Griffioen and Huisman,1998 Zolda,2004 Freining et al.,2002
Examples --- Bundy,2004
Frege Program Prover --- Clarke and Zhao,1993 Bauer et al.,1998 Baader and Nipkow,1998 Bauer et al.,1998 Winkler,1995 Freining et al.,2002
Quicksort --- Griffioen and Huisman,1998
Sequent Calculus --- Gentzen,1935 Fitting,1990 Gallier,2003 Salzer,2002
KeY System --- Ahrendt et al.,2004 OMG,2003a OMG,2003b Ahrendt et al.,2004 Sun Microsystems,2003 Ahrendt et al.,2004 Ahrendt et al.,2004 Beckert et al.,2004
Hoare Calculus --- Hoare,1969 Apt and Olderog,1994 Salzer,2002
Theoretical Foundations --- Gallier 2003 Huth and Ryan 2004";"Summary --- ref19 ref13 ref19
Axioms: --- ref17 ref19
PVS Specification and Verification System --- ref31 ref32 ref28
Sequent Calculus --- ref18
Hard-coded rewrite rules --- ref12 ref11 ref10
Frege Program Prover --- ref4
Quicksort --- ref20";"0,00";"0,00";"0,00"
"TUW-140867";"=HYPERLINK(""D:\Java\git\MethodDemosGit\MethodDemos\output\groundtruth\TUW-140867.pdf"")";"=HYPERLINK(""D:\Java\git\MethodDemosGit\MethodDemos\output\result\result-TUW-140867-xstream.xml"")";"=HYPERLINK(""D:\Java\git\MethodDemosGit\MethodDemos\output\extracted\grobid\grobid-TUW-140867-xstream.xml"")";"INTRODUCTION --- ref7 ref2
FORMAL VERIFICATION OF SOFTWARE --- ref4 ref6 ref5 ref9 ref1 ref3 ref6 ref8";"";"none extracted value";"0,00";"0,00"
"TUW-140895";"=HYPERLINK(""D:\Java\git\MethodDemosGit\MethodDemos\output\groundtruth\TUW-140895.pdf"")";"=HYPERLINK(""D:\Java\git\MethodDemosGit\MethodDemos\output\result\result-TUW-140895-xstream.xml"")";"=HYPERLINK(""D:\Java\git\MethodDemosGit\MethodDemos\output\extracted\grobid\grobid-TUW-140895-xstream.xml"")";"PREVIOUS WORK --- ref27 ref3 ref4 ref18 ref19 ref14 ref22 ref14 ref18 ref1 ref26 ref31 ref8 ref31 ref24 ref25 ref21
NEIGHBOURHOOD STRUCTURES --- ref21
Variable Neighbourhood Search --- ref28 ref29 ref23
Ant Colony Optimisation --- ref12 ref11 ref10 ref13 ref12 ref11 ref31
Node Swap Neighbourhood --- ref21
Ant Colony Optimisation --- ref10 ref13 ref9 ref17 ref20 ref10 ref13 ref10 ref13 ref13 ref34 ref33 ref12 ref11
Variable Neighbourhood Descent --- ref23 ref21
User Manual --- ref18 ref14
INTRODUCTION --- ref6 ref15 ref5 ref7 ref32 ref2 ref21
IMPLEMENTATION --- ref31 ref25 ref21
COMPUTATIONAL RESULTS --- ref21 ref25 ref21 ref21 ref21 ref21 ref21 ref21 ref31 ref21
METAHEURISTICS --- ref30 ref15 ref6 ref35 ref16";"Edge Exchange Neighbourhood --- ref25
COMPUTATIONAL RESULTS --- ref22 ref26 ref22 ref22 ref22 ref22 ref22
Ant Colony Optimisation --- ref11 ref14 ref13 ref12 ref32
Node Swap Neighbourhood --- ref26
IMPLEMENTATION --- ref32 ref26 ref22
NEIGHBOURHOOD STRUCTURES --- ref22
Variable Neighbourhood Descent --- ref22
34 --- ref5 ref37
METAHEURISTICS --- ref31 ref16 ref7 ref37 ref17 ref14
PREVIOUS WORK --- ref28 ref4 ref5 ref19 ref20 ref15 ref23 ref15 ref19 ref2 ref27 ref32 ref9 ref32 ref25 ref26
21 --- ref22
20 --- ref36 ref35 ref13 ref12
Variable Neighbourhood Search --- ref24
Ant Colony Optimisation --- ref11 ref14 ref10 ref18 ref21 ref18 ref19 ref11 ref14 ref11 ref14 ref14
54 --- ref32 ref22";"6,67";"8,33";"7,41"
"TUW-140983";"=HYPERLINK(""D:\Java\git\MethodDemosGit\MethodDemos\output\groundtruth\TUW-140983.pdf"")";"=HYPERLINK(""D:\Java\git\MethodDemosGit\MethodDemos\output\result\result-TUW-140983-xstream.xml"")";"=HYPERLINK(""D:\Java\git\MethodDemosGit\MethodDemos\output\extracted\grobid\grobid-TUW-140983-xstream.xml"")";"Introduction --- ref4
The Add-A-Tag algorithm --- ref2
Evaluation of profile adaptivity --- ref1 ref3";"";"none extracted value";"0,00";"0,00"
"TUW-141024";"=HYPERLINK(""D:\Java\git\MethodDemosGit\MethodDemos\output\groundtruth\TUW-141024.pdf"")";"=HYPERLINK(""D:\Java\git\MethodDemosGit\MethodDemos\output\result\result-TUW-141024-xstream.xml"")";"=HYPERLINK(""D:\Java\git\MethodDemosGit\MethodDemos\output\extracted\grobid\grobid-TUW-141024-xstream.xml"")";"Extending Asbru --- ref8 ref8
Extending PROforma --- ref10
Motivation --- ref9 ref4 ref9 ref8 ref11
The way to the meta schema --- ref7 ref7 ref1 ref5
Introduction --- ref3 ref2 ref6";"Extending Asbru --- ref8 ref8
Extending PROforma --- ref10
Motivation --- ref9 ref4 ref9 ref8 ref11
The way to the meta schema --- ref7 ref7 ref1 ref5";"100,00";"80,00";"88,89"
"TUW-141065";"=HYPERLINK(""D:\Java\git\MethodDemosGit\MethodDemos\output\groundtruth\TUW-141065.pdf"")";"=HYPERLINK(""D:\Java\git\MethodDemosGit\MethodDemos\output\result\result-TUW-141065-xstream.xml"")";"=HYPERLINK(""D:\Java\git\MethodDemosGit\MethodDemos\output\extracted\grobid\grobid-TUW-141065-xstream.xml"")";"Introduction --- ref1 ref1 ref2 ref3 ref4
Visual/verbal dimension --- ref9 ref14 ref9
Background --- ref5 ref6 ref7 ref8 ref3 ref4 ref9
Sensing/intuitive dimension --- ref9
Active/reflective dimension --- ref9
Sequential/global dimension --- ref9
Materials --- ref10 ref11 ref12 ref13 ref12 ref12
Method for statistical data analysis --- ref10 ref14 ref9";"";"none extracted value";"0,00";"0,00"
"TUW-141121";"=HYPERLINK(""D:\Java\git\MethodDemosGit\MethodDemos\output\groundtruth\TUW-141121.pdf"")";"=HYPERLINK(""D:\Java\git\MethodDemosGit\MethodDemos\output\result\result-TUW-141121-xstream.xml"")";"=HYPERLINK(""D:\Java\git\MethodDemosGit\MethodDemos\output\extracted\grobid\grobid-TUW-141121-xstream.xml"")";"Related Work --- ref1 ref6 ref5 ref2 ref4 ref3
Audio Features --- ref5 ref2";"";"none extracted value";"0,00";"0,00"
"TUW-141140";"=HYPERLINK(""D:\Java\git\MethodDemosGit\MethodDemos\output\groundtruth\TUW-141140.pdf"")";"=HYPERLINK(""D:\Java\git\MethodDemosGit\MethodDemos\output\result\result-TUW-141140-xstream.xml"")";"=HYPERLINK(""D:\Java\git\MethodDemosGit\MethodDemos\output\extracted\grobid\grobid-TUW-141140-xstream.xml"")";"Introduction --- ref1 ref2 ref3 ref4 ref5
Background and Motivation --- ref6 ref7 ref8
Scope and objectives of MDWEnet --- ref2 ref3 ref4";"Scope and objectives of MDWEnet --- ref3 ref2 ref3 ref4
Background and Motivation --- ref6 ref7 ref8";"100,00";"66,67";"80,00"
"TUW-141336";"=HYPERLINK(""D:\Java\git\MethodDemosGit\MethodDemos\output\groundtruth\TUW-141336.pdf"")";"=HYPERLINK(""D:\Java\git\MethodDemosGit\MethodDemos\output\result\result-TUW-141336-xstream.xml"")";"=HYPERLINK(""D:\Java\git\MethodDemosGit\MethodDemos\output\extracted\grobid\grobid-TUW-141336-xstream.xml"")";"The Distribution Functions for 2-XOR-SAT and 2-Max-rank --- ref13 ref9 ref12 ref14
Notation --- ref1 ref4
Bad Cycles and the (a,2)-QXOR-SAT Property --- ref3
Conclusion --- ref1 ref11 ref1
The Case e ? 3 --- ref7 ref3 ref7
Introduction --- ref8 ref11 ref1 ref1 ref1 ref2 ref3 ref6 ref7 ref10 ref5 ref11 ref1";"";"none extracted value";"0,00";"0,00"
"TUW-141618";"=HYPERLINK(""D:\Java\git\MethodDemosGit\MethodDemos\output\groundtruth\TUW-141618.pdf"")";"=HYPERLINK(""D:\Java\git\MethodDemosGit\MethodDemos\output\result\result-TUW-141618-xstream.xml"")";"=HYPERLINK(""D:\Java\git\MethodDemosGit\MethodDemos\output\extracted\grobid\grobid-TUW-141618-xstream.xml"")";"On-Line Analytical Processing --- ref9 ref6 ref26 ref1 ref7 ref8 ref10 ref27 ref1 ref10 ref13 ref14 ref29 ref32 ref33 ref37 ref10 ref13 ref14
Approaching a solution --- ref13 ref16 ref31 ref11 ref2 ref3 ref19 ref4 ref5 ref12 ref24 ref25 ref35 ref36 ref17 ref18 ref20 ref23 ref31 ref10 ref22
Conclusions --- ref34
OLAP and the 3-layer database reference model --- ref10 ref13 ref14 ref15 ref28 ref30 ref21";"Proposition 5: Parallel computing may provide one solution. --- ref13 ref16 ref32 ref11
Proposition 3: OLAP data is not outdated. --- ref22
All logical views for analysis of measurement data are OLAP --- ref35
OLAP and the 3-layer database reference model --- ref10 ref13 ref14
On-Line Analytical Processing --- ref9 ref6 ref27 ref1 ref7 ref8 ref10 ref28 ref1 ref10 ref13 ref14 ref30 ref33 ref34 ref38 ref10 ref13 ref14
Conventional wisdom 10: Formulaic Models are only a vision. --- ref10 ref23
Proposition 2: Metadata-driven integration and cleansing. --- ref15 ref29 ref31
Proposition 8: OLAP can incorporate active database technology. --- ref18 ref19 ref21 ref24 ref32
Proposition 7: Grid computing lowers the tab on high computational performance. --- ref2 ref3 ref20 ref4 ref5 ref12 ref25 ref26 ref36 ref37";"22,22";"50,00";"30,77"
"TUW-141758";"=HYPERLINK(""D:\Java\git\MethodDemosGit\MethodDemos\output\groundtruth\TUW-141758.pdf"")";"=HYPERLINK(""D:\Java\git\MethodDemosGit\MethodDemos\output\result\result-TUW-141758-xstream.xml"")";"=HYPERLINK(""D:\Java\git\MethodDemosGit\MethodDemos\output\extracted\grobid\grobid-TUW-141758-xstream.xml"")";"Clinical Practice Guidelines --- ref12 ref40 ref11 ref5 ref4 ref3 ref20 ref11
Use of Methods for the Parsing Process of Formal Computer Languages-NegFinder --- ref30
A Hybrid Approach to Automated Negation Detection in Clinical Radiology Reports --- ref17 ref21
Ad-Hoc Classification of Electronic Clinical Documents – NegExpander --- ref1
Automatic Mapping Clinical Notes to Medical Terminologies --- ref33
Statistical Analysis --- ref10
Motivation --- ref15 ref15 ref30
SNOMED-Systematized Nomenclature of Medicine-Cinical Terms® --- ref45 ref45
Applications of NegFinder --- ref14
Unified Medical Language System (UMLS) --- ref18 ref26 ref24
Negation Detection --- ref8 ref8
Negation Processing in Electronic Health Records in Bulgarian --- ref6
Conclusion --- ref8
Research Question --- ref44 ref42 ref46 ref22 ref43 ref35 ref36 ref28 ref37 ref23 ref7 ref38 ref39 ref32 ref41 ref49 ref31 ref13 ref48 ref34
The Negation Detection Algorithms --- ref8
A Simple Algorithm for Identifying Negated Findings and Diseases in Discharge Summaries-NegEx --- ref8
A Controlled Trial of Automated Classification of Negation from Clinical Notes --- ref10
Concept Negation in Free Text Components of Vaccine Safety Reports --- ref47
Introduction --- ref16 ref29 ref8
MetaMap Transfer (MMTx) --- ref2 ref9
International Classification of Diseases and Related Health Problems (ICD) --- ref45
Evaluation --- ref8
Sensitivity/Recall --- ref25
Applications of NegEx --- ref27 ref2 ref8 ref29
Positive Predictive Value (PPV)/Precision --- ref25
Background --- ref20
Chapter 4 NegHunter --- ref8";"List of Tables --- ref7 ref19
Clinical Practice Guidelines --- ref3 ref30 ref2 ref11 ref2
Concept Negation in Free Text Components of Vaccine Safety Reports --- ref34
Applications of NegFinder --- ref5
Applications of NegEx --- ref17 ref19
Unified Medical Language System (UMLS) --- ref9 ref16 ref14
Automatic Mapping Clinical Notes to Medical Terminolo- gies --- ref23
Use of Methods for the Parsing Process of Formal Computer --- ref20
A Controlled Trial of Automated Classification of Negation from Clinical Notes --- ref1
A Hybrid Approach to Automated Negation Detection in Clinical Radiology Reports --- ref8 ref12
Motivation --- ref6 ref6 ref20
Sensitivity/Recall --- ref15
Research Question --- ref31 ref36 ref4 ref35 ref24
PPV = TruePositives TruePositives + FalsePositives --- ref15";"0,00";"0,00";"0,00"
"TUW-168222";"=HYPERLINK(""D:\Java\git\MethodDemosGit\MethodDemos\output\groundtruth\TUW-168222.pdf"")";"=HYPERLINK(""D:\Java\git\MethodDemosGit\MethodDemos\output\result\result-TUW-168222-xstream.xml"")";"=HYPERLINK(""D:\Java\git\MethodDemosGit\MethodDemos\output\extracted\grobid\grobid-TUW-168222-xstream.xml"")";"THE ANALYZING TOOL --- ref2
A LEXICAL CORPUS OF PERCEPTIONAL EXPRESSIONS --- ref1";"";"none extracted value";"0,00";"0,00"
"TUW-168482";"=HYPERLINK(""D:\Java\git\MethodDemosGit\MethodDemos\output\groundtruth\TUW-168482.pdf"")";"=HYPERLINK(""D:\Java\git\MethodDemosGit\MethodDemos\output\result\result-TUW-168482-xstream.xml"")";"=HYPERLINK(""D:\Java\git\MethodDemosGit\MethodDemos\output\extracted\grobid\grobid-TUW-168482-xstream.xml"")";"Winning strategies for P --- ref9 ref9 ref9
TCGame --- ref9
Lukasiewicz Logic --- ref22 ref8 ref16
Product Logic --- ref17 ref14 ref18
Decomposing Propositions --- ref20 ref11
Giles's Game --- ref11
T-Norms --- ref19 ref18 ref5
Gödel Logic --- ref13 ref4 ref18
Rules for Decomposing Complex Assertions --- ref6 ref7 ref7
Truth Comparison Games --- ref9 ref9
Adequateness of the Rules --- ref7
Introduction --- ref17
Remarks on Quantifiers --- ref21 ref26
A Uniform Hypersequent System --- ref3 ref10 ref24 ref1 ref23 ref2 ref3 ref3 ref3
Winning strategies for O --- ref9
Design Choices --- ref18 ref15 ref16 ref17 ref25
Conjunction --- ref12
Motivation --- ref20 ref11 ref12";"";"none extracted value";"0,00";"0,00"
"TUW-169511";"=HYPERLINK(""D:\Java\git\MethodDemosGit\MethodDemos\output\groundtruth\TUW-169511.pdf"")";"=HYPERLINK(""D:\Java\git\MethodDemosGit\MethodDemos\output\result\result-TUW-169511-xstream.xml"")";"=HYPERLINK(""D:\Java\git\MethodDemosGit\MethodDemos\output\extracted\grobid\grobid-TUW-169511-xstream.xml"")";"Introduction --- ref4 ref1 ref3 ref6 ref5
Problem Description --- ref2";"";"none extracted value";"0,00";"0,00"
"TUW-172697";"=HYPERLINK(""D:\Java\git\MethodDemosGit\MethodDemos\output\groundtruth\TUW-172697.pdf"")";"=HYPERLINK(""D:\Java\git\MethodDemosGit\MethodDemos\output\result\result-TUW-172697-xstream.xml"")";"=HYPERLINK(""D:\Java\git\MethodDemosGit\MethodDemos\output\extracted\grobid\grobid-TUW-172697-xstream.xml"")";"Plato --- ref2 ref3 ref3 ref1";"";"none extracted value";"0,00";"0,00"
"TUW-174216";"=HYPERLINK(""D:\Java\git\MethodDemosGit\MethodDemos\output\groundtruth\TUW-174216.pdf"")";"=HYPERLINK(""D:\Java\git\MethodDemosGit\MethodDemos\output\result\result-TUW-174216-xstream.xml"")";"=HYPERLINK(""D:\Java\git\MethodDemosGit\MethodDemos\output\extracted\grobid\grobid-TUW-174216-xstream.xml"")";"Related work --- ref28 ref19 ref1 ref22 ref9 ref21 ref5 ref27 ref16 ref7 ref24 ref2 ref10 ref8 ref6 ref4 ref18
The extraction language XCEL --- ref11 ref18 ref14
Introduction --- ref28 ref26 ref25 ref20 ref22 ref12 ref19 ref16 ref15 ref13 ref17 ref23 ref3";"";"none extracted value";"0,00";"0,00"
"TUW-175428";"=HYPERLINK(""D:\Java\git\MethodDemosGit\MethodDemos\output\groundtruth\TUW-175428.pdf"")";"=HYPERLINK(""D:\Java\git\MethodDemosGit\MethodDemos\output\result\result-TUW-175428-xstream.xml"")";"=HYPERLINK(""D:\Java\git\MethodDemosGit\MethodDemos\output\extracted\grobid\grobid-TUW-175428-xstream.xml"")";"Bekannte Lösungsansätze --- ref13 ref15 ref5 ref4
Split Delivery Vehicle Routing Problem --- ref2 ref7 ref8 ref7 ref8
Reparatur-und Verbesserungsheuristik --- ref12
Verwandte Arbeiten --- ref18 ref9 ref10 ref12 ref18
Kürzeste Wege in einem Graphen --- ref6
S-Shape-Heuristik --- ref4 ref5
Capacitated Vehicle Routing Problem --- ref17 ref17
Variable Nachbarschaftssuche --- ref16 ref11 ref12
Vehicle Routing Problem with Time Windows --- ref19
Traveling Salesman Problem --- ref1 ref10
Dynamische Programmierung --- ref3
Dynamische Reihenfolge der Nachbarschaften --- ref14 ref14";"Erweiterter Algorithmus --- ref4
S-Shape-Heuristik --- ref4 ref5
Variable Nachbarschaftssuche --- ref16 ref11 ref12
Traveling Salesman Problem --- ref1
Split Delivery Vehicle Routing Problem --- ref2 ref7 ref8 ref7 ref8
Reparatur-und Verbesserungsheuristik --- ref12
Dynamische Reihenfolge der Nachbarschaften --- ref14
Um dieses Problem in ein mathematisches Modell zu bringen, bietet sich dië --- ref10
Kürzeste Wege in einem Graphen --- ref6
Capacitated Vehicle Routing Problem --- ref17 ref17
Vehicle Routing Problem with Time Windows --- ref19
Bekannte Lösungsansätze --- ref13 ref5 ref4
Mögliche Erweiterungen --- ref9 ref10 ref12";"76,92";"83,33";"80,00"
"TUW-176087";"=HYPERLINK(""D:\Java\git\MethodDemosGit\MethodDemos\output\groundtruth\TUW-176087.pdf"")";"=HYPERLINK(""D:\Java\git\MethodDemosGit\MethodDemos\output\result\result-TUW-176087-xstream.xml"")";"=HYPERLINK(""D:\Java\git\MethodDemosGit\MethodDemos\output\extracted\grobid\grobid-TUW-176087-xstream.xml"")";"Introduction --- ref1 ref2 ref3 ref4 ref5 ref6 ref7 ref8 ref9 ref10 ref11 ref12 ref13 ref14
Procedure --- ref16";"Introduction --- ref1 ref2 ref3 ref4 ref5 ref6 ref7 ref8 ref9 ref10 ref11 ref12 ref13 ref14 ref1";"100,00";"50,00";"66,67"
"TUW-177140";"=HYPERLINK(""D:\Java\git\MethodDemosGit\MethodDemos\output\groundtruth\TUW-177140.pdf"")";"=HYPERLINK(""D:\Java\git\MethodDemosGit\MethodDemos\output\result\result-TUW-177140-xstream.xml"")";"=HYPERLINK(""D:\Java\git\MethodDemosGit\MethodDemos\output\extracted\grobid\grobid-TUW-177140-xstream.xml"")";"Background --- ref2 ref7 ref8 ref9 ref4 ref4 ref6
System Specifics --- ref10 ref6 ref11 ref12 ref11
ccT on Stage --- ref13
Motivation and General Information --- ref1 ref2 ref3 ref4 ref5 ref6
Conclusion --- ref14 ref15";"";"none extracted value";"0,00";"0,00"
"TUW-179146";"=HYPERLINK(""D:\Java\git\MethodDemosGit\MethodDemos\output\groundtruth\TUW-179146.pdf"")";"=HYPERLINK(""D:\Java\git\MethodDemosGit\MethodDemos\output\result\result-TUW-179146-xstream.xml"")";"=HYPERLINK(""D:\Java\git\MethodDemosGit\MethodDemos\output\extracted\grobid\grobid-TUW-179146-xstream.xml"")";"Architecture --- ref12
Related Work --- ref8 ref8 ref14 ref5 ref18 ref3 ref10 ref4 ref7 ref15 ref6 ref9 ref16 ref1 ref2
Introduction --- ref8 ref13 ref10 ref17 ref12 ref11 ref15
Scenario --- ref11 ref17
Aspect-oriented Space Container --- ref12
Execution of Aspect-oriented Space Containers in Publish/Subscribe Scenarios --- ref12 ref11";"";"none extracted value";"0,00";"0,00"
"TUW-180162";"=HYPERLINK(""D:\Java\git\MethodDemosGit\MethodDemos\output\groundtruth\TUW-180162.pdf"")";"=HYPERLINK(""D:\Java\git\MethodDemosGit\MethodDemos\output\result\result-TUW-180162-xstream.xml"")";"=HYPERLINK(""D:\Java\git\MethodDemosGit\MethodDemos\output\extracted\grobid\grobid-TUW-180162-xstream.xml"")";"Feature Selection --- ref17 ref1 ref5
Introduction --- ref8 ref3 ref13 ref14 ref16 ref9 ref2
Related Work --- ref9 ref22 ref21 ref12 ref18 ref4 ref19 ref6 ref11 ref1 ref5
Preparation of Pages --- ref10
Detecting Web Spam in Search Engine Results --- ref7 ref15 ref20";"";"none extracted value";"0,00";"0,00"
"TUW-181199";"=HYPERLINK(""D:\Java\git\MethodDemosGit\MethodDemos\output\groundtruth\TUW-181199.pdf"")";"=HYPERLINK(""D:\Java\git\MethodDemosGit\MethodDemos\output\result\result-TUW-181199-xstream.xml"")";"=HYPERLINK(""D:\Java\git\MethodDemosGit\MethodDemos\output\extracted\grobid\grobid-TUW-181199-xstream.xml"")";"System --- ref10 ref11 ref12
Tagging-Based Debugging --- ref5 ref5 ref8 ref9
Discussion and Related Work --- ref5 ref13 ref14 ref3 ref2 ref4 ref15 ref16
General Information --- ref1 ref2 ref3 ref4 ref5 ref6 ref5 ref7";"";"none extracted value";"0,00";"0,00"
"TUW-182414";"=HYPERLINK(""D:\Java\git\MethodDemosGit\MethodDemos\output\groundtruth\TUW-182414.pdf"")";"=HYPERLINK(""D:\Java\git\MethodDemosGit\MethodDemos\output\result\result-TUW-182414-xstream.xml"")";"=HYPERLINK(""D:\Java\git\MethodDemosGit\MethodDemos\output\extracted\grobid\grobid-TUW-182414-xstream.xml"")";"Die Zukunft der Webarchivierung --- ref7
Ansätze für ""ethisch verantwortungsvolle"" Webarchive --- ref11 ref9 ref10 ref8
Das Archiv von öffentlichen Inhalten --- ref3
Aufbau von Webarchiven --- ref4 ref5 ref1 ref2 ref6";"";"none extracted value";"0,00";"0,00"
"TUW-182899";"=HYPERLINK(""D:\Java\git\MethodDemosGit\MethodDemos\output\groundtruth\TUW-182899.pdf"")";"=HYPERLINK(""D:\Java\git\MethodDemosGit\MethodDemos\output\result\result-TUW-182899-xstream.xml"")";"=HYPERLINK(""D:\Java\git\MethodDemosGit\MethodDemos\output\extracted\grobid\grobid-TUW-182899-xstream.xml"")";"Introduction --- ref37 ref3 ref3 ref31 ref15 ref14 ref23 ref12 ref26 ref38 ref11
Images ground conversation --- ref5
Discussion --- ref8 ref13 ref21
Findings --- ref16
Teacher suggestions for future SenseCam use --- ref11
Social reflection and discussion --- ref6 ref36 ref20 ref20 ref27 ref20 ref24 ref28 ref27 ref16
Design --- ref11 ref38
Analysis --- ref16 ref24 ref36 ref20 ref9 ref11
Teachers' reflective practice --- ref30 ref24 ref29 ref29 ref9 ref29 ref36 ref22 ref36 ref28 ref2 ref28 ref9
Images support a return to experience --- ref1 ref30
Technology and social reflection --- ref25 ref33 ref17 ref32 ref4 ref18 ref32 ref18 ref32 ref34 ref34 ref15 ref14 ref23 ref11 ref21 ref13 ref19 ref23 ref12 ref11
Reflecting on the value of SenseCam features for reflection --- ref1 ref9 ref28 ref23 ref10 ref23 ref13 ref7 ref23 ref34
Supported features of reflective discussion --- ref20 ref20 ref27 ref24 ref33";"Supported features of reflective discussion --- ref10 ref10 ref14 ref23
Social reflection and discussion --- ref26 ref10 ref10 ref14 ref18
Images support a return to experience --- ref20
Discussion --- ref3 ref11
Teachers' reflective practice --- ref20 ref19 ref19 ref19 ref26 ref12 ref26 ref18 ref18
Analysis --- ref6 ref14 ref26 ref10 ref1
Design --- ref1
Findings --- ref6
Reflecting on the value of SenseCam features for reflection --- ref13 ref3 ref13
Technology and social reflection --- ref15 ref23 ref7 ref22 ref8 ref22 ref8 ref22 ref5 ref4 ref13 ref1 ref3 ref9 ref13 ref2 ref1
Teacher suggestions for future SenseCam use --- ref1";"0,00";"0,00";"0,00"
"TUW-185321";"=HYPERLINK(""D:\Java\git\MethodDemosGit\MethodDemos\output\groundtruth\TUW-185321.pdf"")";"=HYPERLINK(""D:\Java\git\MethodDemosGit\MethodDemos\output\result\result-TUW-185321-xstream.xml"")";"=HYPERLINK(""D:\Java\git\MethodDemosGit\MethodDemos\output\extracted\grobid\grobid-TUW-185321-xstream.xml"")";"II. RESEARCH ISSUES --- ref1";"";"none extracted value";"0,00";"0,00"
"TUW-185441";"=HYPERLINK(""D:\Java\git\MethodDemosGit\MethodDemos\output\groundtruth\TUW-185441.pdf"")";"=HYPERLINK(""D:\Java\git\MethodDemosGit\MethodDemos\output\result\result-TUW-185441-xstream.xml"")";"=HYPERLINK(""D:\Java\git\MethodDemosGit\MethodDemos\output\extracted\grobid\grobid-TUW-185441-xstream.xml"")";"INTRODUCTION --- ref1 ref2 ref3 ref1 ref2 ref4
CONTRIBUTIONS --- ref1 ref2 ref3
THEORY --- ref1 ref2 ref4
FINIDINGS --- ref5";"";"none extracted value";"0,00";"0,00"
"TUW-186227";"=HYPERLINK(""D:\Java\git\MethodDemosGit\MethodDemos\output\groundtruth\TUW-186227.pdf"")";"=HYPERLINK(""D:\Java\git\MethodDemosGit\MethodDemos\output\result\result-TUW-186227-xstream.xml"")";"=HYPERLINK(""D:\Java\git\MethodDemosGit\MethodDemos\output\extracted\grobid\grobid-TUW-186227-xstream.xml"")";"CONCLUSION --- ref7
INTRODUCTION --- ref1 ref2 ref3 ref4 ref5 ref6 ref7";"";"none extracted value";"0,00";"0,00"
"TUW-189842";"=HYPERLINK(""D:\Java\git\MethodDemosGit\MethodDemos\output\groundtruth\TUW-189842.pdf"")";"=HYPERLINK(""D:\Java\git\MethodDemosGit\MethodDemos\output\result\result-TUW-189842-xstream.xml"")";"=HYPERLINK(""D:\Java\git\MethodDemosGit\MethodDemos\output\extracted\grobid\grobid-TUW-189842-xstream.xml"")";"Discussion --- ref1 ref3 ref3
Motivating Mobility Project --- ref4 ref2";"Discussion --- ref1 ref3 ref3 ref3
Motivating Mobility Project --- ref2";"100,00";"100,00";"100,00"
"TUW-191715";"=HYPERLINK(""D:\Java\git\MethodDemosGit\MethodDemos\output\groundtruth\TUW-191715.pdf"")";"=HYPERLINK(""D:\Java\git\MethodDemosGit\MethodDemos\output\result\result-TUW-191715-xstream.xml"")";"=HYPERLINK(""D:\Java\git\MethodDemosGit\MethodDemos\output\extracted\grobid\grobid-TUW-191715-xstream.xml"")";"Challenges in Fusion --- ref16
Challenges in Interaction --- ref26
Interaction Challenges in Visualization and Visual Analytics --- ref27
Semantics Challenges in Visualization and Visual Analytics --- ref11 ref12
Challenges in Acquisition --- ref29 ref30 ref31
Scalability Challenges in Visualization and Visual Analytics --- ref4 ref5 ref6 ref7 ref8 ref9
Scalability Challenges in Rendering and Virtual Reality --- ref10
Introduction --- ref1 ref2 ref3
Semantics Challenges in Rendering and Virtual Reality --- ref13 ref14 ref15
Acquisition Challenges in Rendering and Virtual Reality --- ref33
Fusion Challenges in Visualization and Visual Analytics --- ref17
Interaction Challenges in Rendering and Virtual Reality --- ref28
Fusion Challenges in Rendering and Virtual Reality --- ref18 ref19 ref20 ref21 ref22 ref23 ref24 ref25
Acquisition Challenges in Visualization and Visual Analytics --- ref32";"";"none extracted value";"0,00";"0,00"
"TUW-191977";"=HYPERLINK(""D:\Java\git\MethodDemosGit\MethodDemos\output\groundtruth\TUW-191977.pdf"")";"=HYPERLINK(""D:\Java\git\MethodDemosGit\MethodDemos\output\result\result-TUW-191977-xstream.xml"")";"=HYPERLINK(""D:\Java\git\MethodDemosGit\MethodDemos\output\extracted\grobid\grobid-TUW-191977-xstream.xml"")";"Specifications, Solutions, and Ontologies --- ref1 ref2 ref5 ref6
Functions, Interoperability, and Compatibility --- ref3
Introduction --- ref4 ref3 ref4";"";"none extracted value";"0,00";"0,00"
"TUW-192724";"=HYPERLINK(""D:\Java\git\MethodDemosGit\MethodDemos\output\groundtruth\TUW-192724.pdf"")";"=HYPERLINK(""D:\Java\git\MethodDemosGit\MethodDemos\output\result\result-TUW-192724-xstream.xml"")";"=HYPERLINK(""D:\Java\git\MethodDemosGit\MethodDemos\output\extracted\grobid\grobid-TUW-192724-xstream.xml"")";"A polynomial decision-making model using GMDH algorithm --- ref14
The employee selection efficiency method-ESE --- ref15 ref1 ref2 ref16 ref4 ref13 ref9 ref11 ref11 ref3 ref6
Introduction --- ref5 ref7 ref12 ref10";"";"none extracted value";"0,00";"0,00"
"TUW-194085";"=HYPERLINK(""D:\Java\git\MethodDemosGit\MethodDemos\output\groundtruth\TUW-194085.pdf"")";"=HYPERLINK(""D:\Java\git\MethodDemosGit\MethodDemos\output\result\result-TUW-194085-xstream.xml"")";"=HYPERLINK(""D:\Java\git\MethodDemosGit\MethodDemos\output\extracted\grobid\grobid-TUW-194085-xstream.xml"")";"This Implies Impossibility --- ref9-Herlihy, Rajsbaum [2000]
Consensus --- ref7-Fischer, Lynch, Paterson [1985] ref5-Dolev, Dwork, Stockmeyer [1987] ref6-Fich, Ruppert [2003]
Transient Message Loss --- ref17-Santoro, Widmayer [1989]
A.2.3. Continuity --- ref11-Herrlich, Strecker [1973]
Introduction --- ref2-Attiya, Welch [2004] ref14- ref5-Dolev, Dwork, Stockmeyer [1987] ref7-Fischer, Lynch, Paterson [1985]
Structure of the Thesis --- ref10-Herlihy, Shavit [1993]
Safety and Liveness --- ref12-Lamport [1977] ref12-Lamport [1977] ref12-Lamport [1977] ref4-
Asynchronous Message Passing --- ref7-Fischer, Lynch, Paterson [1985]
A.2.5. Product Spaces --- ref3-Bourbaki [1989]
Geometric Realization of Simplicial Complexes --- ref18
Motivation --- ref5-Dolev, Dwork, Stockmeyer [1987]
Asynchronous Shared Memory --- ref6-Fich, Ruppert [2003]
Algebraic Topology --- ref8-Hatcher [2002]
Distributed Computing --- ref17-Santoro, Widmayer [1989]
Impossibility Results --- ref15-Moses, Rajsbaum [2002]
Simplicial Homology --- ref9-Herlihy, Rajsbaum [2000]
Introduction --- ref10-Herlihy, Shavit [1993]
A Formal Description --- ref2-Attiya, Welch [2004]
The Topology of Execution Spaces --- ref16-Saks, Zaharoglou [2000] ref1-Alpern, Schneider [1985] ref1-Alpern, Schneider [1985]
Impossibility of k-Set Agreement --- ref10-Herlihy, Shavit [1993]
Point-Set Topology --- ref7-Fischer, Lynch, Paterson [1985]
Topological Impossibility --- ref13-Lubitch, Moran [1995] ref15-Moses, Rajsbaum [2002] ref15-Moses, Rajsbaum [2002]
Properties of Full Information Protocols --- ref10-Herlihy, Shavit [1993]
A Formal Description --- ref7-Fischer, Lynch, Paterson [1985]
Execution Trees --- ref13-Lubitch, Moran [1995] ref2-Attiya, Welch [2004] ref5-Dolev, Dwork, Stockmeyer [1987]
Summary --- ref10-Herlihy, Shavit [1993]
Motivation and Examples --- ref3-Bourbaki [1989]
Equivalence --- ref18
Full Information Protocols --- ref2-Attiya, Welch [2004] ref2-Attiya, Welch [2004]
Omission Failure Model --- ref14- ref17-Santoro, Widmayer [1989]";"Introduction --- ref2 ref5
Execution Trees --- ref13
Asynchronous Message PassingàPassingà la FLP --- ref7
A Formal Description --- ref7
Topological Impossibility --- ref13 ref14
Summary --- ref10
A.1. Motivation and Examples --- ref3
Consensus --- ref7 ref5 ref6
A.2.3. Continuity --- ref11
Omission Failure Model --- ref16
Introduction --- ref10
The Topology of Execution Spaces --- ref1 ref1
A.2.5. Product Spaces --- ref3
Asynchronous Message Passing --- ref7
Safety and Liveness --- ref12 ref12
Full Information Protocols --- ref2
Algebraic Topology --- ref8
Safety and Liveness --- ref12
Point-Set Topology --- ref7";"0,00";"0,00";"0,00"
"TUW-194561";"=HYPERLINK(""D:\Java\git\MethodDemosGit\MethodDemos\output\groundtruth\TUW-194561.pdf"")";"=HYPERLINK(""D:\Java\git\MethodDemosGit\MethodDemos\output\result\result-TUW-194561-xstream.xml"")";"=HYPERLINK(""D:\Java\git\MethodDemosGit\MethodDemos\output\extracted\grobid\grobid-TUW-194561-xstream.xml"")";"Introduction and Overview --- ref15 ref18 ref3 ref3 ref9 ref17 ref19 ref10 ref7 ref15 ref2 ref16 ref14 ref6 ref20 ref8 ref14 ref16 ref14 ref16
Preliminaries --- ref4 ref5 ref5
Conclusion and Related Work --- ref15 ref15 ref3 ref11 ref1 ref13
Computing Meaningful Results --- ref14 ref16 ref14
Proving Termination --- ref12 ref12";"Preliminaries --- ref3 ref4 ref4
65 --- ref11 ref11
Rewriting with Forbidden Patterns --- ref1 ref1
Computing Meaningful Results --- ref13 ref15 ref13
Conclusion and Related Work --- ref14 ref14 ref2";"0,00";"0,00";"0,00"
"TUW-194660";"=HYPERLINK(""D:\Java\git\MethodDemosGit\MethodDemos\output\groundtruth\TUW-194660.pdf"")";"=HYPERLINK(""D:\Java\git\MethodDemosGit\MethodDemos\output\result\result-TUW-194660-xstream.xml"")";"=HYPERLINK(""D:\Java\git\MethodDemosGit\MethodDemos\output\extracted\grobid\grobid-TUW-194660-xstream.xml"")";"INTERACTION NETS --- ref1
NESTED PATTERN MATCHING AND ITS IMPLEMENTATION --- ref2 ref3 ref4 ref4 ref5 ref2 ref5";"";"none extracted value";"0,00";"0,00"
"TUW-197422";"=HYPERLINK(""D:\Java\git\MethodDemosGit\MethodDemos\output\groundtruth\TUW-197422.pdf"")";"=HYPERLINK(""D:\Java\git\MethodDemosGit\MethodDemos\output\result\result-TUW-197422-xstream.xml"")";"=HYPERLINK(""D:\Java\git\MethodDemosGit\MethodDemos\output\extracted\grobid\grobid-TUW-197422-xstream.xml"")";"Related Work --- ref23 ref26 ref11 ref5 ref10 ref13 ref15 ref23 ref12 ref4 ref17 ref8
Conclusion --- ref23
Interactivity --- ref21
The Value of Interactivity? --- ref11 ref6 ref14 ref16 ref18
Interactivity-as-Process --- ref9 ref25
Cognitive Theories & Models --- ref24 ref1 ref2 ref2
Interactivity-as-Product --- ref19 ref6 ref6 ref13 ref6 ref20
Postcognitivist Theories --- ref14 ref22 ref7 ref24 ref3 ref11 ref7
Introduction --- ref18 ref11";"";"none extracted value";"0,00";"0,00"
"TUW-197852";"=HYPERLINK(""D:\Java\git\MethodDemosGit\MethodDemos\output\groundtruth\TUW-197852.pdf"")";"=HYPERLINK(""D:\Java\git\MethodDemosGit\MethodDemos\output\result\result-TUW-197852-xstream.xml"")";"=HYPERLINK(""D:\Java\git\MethodDemosGit\MethodDemos\output\extracted\grobid\grobid-TUW-197852-xstream.xml"")";"Background --- ref4
Introduction --- ref1 ref5 ref7
The Basic Architecture --- ref2 ref3 ref6
Conclusion --- ref2 ref3 ref6";"";"none extracted value";"0,00";"0,00"
"TUW-198400";"=HYPERLINK(""D:\Java\git\MethodDemosGit\MethodDemos\output\groundtruth\TUW-198400.pdf"")";"=HYPERLINK(""D:\Java\git\MethodDemosGit\MethodDemos\output\result\result-TUW-198400-xstream.xml"")";"=HYPERLINK(""D:\Java\git\MethodDemosGit\MethodDemos\output\extracted\grobid\grobid-TUW-198400-xstream.xml"")";"Introduction --- ref1 ref2 ref3 ref4 ref4 ref5 ref6 ref7 ref8 ref9 ref4 ref10 ref11 ref12 ref13
UMLsec (Juerjens 2002) --- ref3 ref15 ref16 ref3 ref17 ref3 ref18 ref19
Automated Validation of Internet Security Protocols and Applications --- ref24 ref10 ref24 ref24 ref25 ref26
The Evaluation Taxonomy --- ref11 ref14
A Model-Based Aspect-Oriented Framework for Building Intrusion-Aware Software Systems (Zhu et al. 2008) --- ref22 ref23
Symbolic Model Verifier --- ref27 ref27 ref21 ref26
Alloy --- 28 28 28 28
Secure Software Architectures by Using Aspects (H. Yu et al. 2005) --- ref20 ref21 ref7";"";"none extracted value";"0,00";"0,00"
"TUW-198401";"=HYPERLINK(""D:\Java\git\MethodDemosGit\MethodDemos\output\groundtruth\TUW-198401.pdf"")";"=HYPERLINK(""D:\Java\git\MethodDemosGit\MethodDemos\output\result\result-TUW-198401-xstream.xml"")";"=HYPERLINK(""D:\Java\git\MethodDemosGit\MethodDemos\output\extracted\grobid\grobid-TUW-198401-xstream.xml"")";"COMPARISON --- ref6 ref4 ref1 ref3 ref2 ref5";"";"none extracted value";"0,00";"0,00"
"TUW-198405";"=HYPERLINK(""D:\Java\git\MethodDemosGit\MethodDemos\output\groundtruth\TUW-198405.pdf"")";"=HYPERLINK(""D:\Java\git\MethodDemosGit\MethodDemos\output\result\result-TUW-198405-xstream.xml"")";"=HYPERLINK(""D:\Java\git\MethodDemosGit\MethodDemos\output\extracted\grobid\grobid-TUW-198405-xstream.xml"")";"Introduction --- ref6 ref1 ref2 ref4
Phase 1: Modeling and Identification --- ref3 ref5";"Phase 1: Modeling and Identification --- ref3 ref5";"100,00";"50,00";"66,67"
"TUW-198408";"=HYPERLINK(""D:\Java\git\MethodDemosGit\MethodDemos\output\groundtruth\TUW-198408.pdf"")";"=HYPERLINK(""D:\Java\git\MethodDemosGit\MethodDemos\output\result\result-TUW-198408-xstream.xml"")";"=HYPERLINK(""D:\Java\git\MethodDemosGit\MethodDemos\output\extracted\grobid\grobid-TUW-198408-xstream.xml"")";"Die Bestimmung effizienter Kombinationen von Software-Komponenten --- ref7 ref25 ref8 ref6 ref26
Einleitung --- ref20 ref2 ref2 ref5 ref3 ref12 ref20 ref21 ref9 ref2 ref12 ref17 ref18 ref27
Das Vorgehensmodell OTSO --- ref9 ref4 ref16
Resümee und Ausblick --- ref19 ref15
Die Auswahl von Software-Komponenten im Überblick --- ref23 ref24 ref20 ref9 ref11 ref10 ref13 ref12 ref1 ref3 ref12 ref18 ref14 ref22";"";"none extracted value";"0,00";"0,00"
"TUW-200745";"=HYPERLINK(""D:\Java\git\MethodDemosGit\MethodDemos\output\groundtruth\TUW-200745.pdf"")";"=HYPERLINK(""D:\Java\git\MethodDemosGit\MethodDemos\output\result\result-TUW-200745-xstream.xml"")";"=HYPERLINK(""D:\Java\git\MethodDemosGit\MethodDemos\output\extracted\grobid\grobid-TUW-200745-xstream.xml"")";"Einfüge-Methode --- ref15
Konvertieren einer Lösung --- ref15 ref15
Mutation --- ref13
Generalized Minimum Spanning Tree-Problem --- ref4
Pop mit Nearest Neighbours Reduktion --- ref10
Rekombination --- ref13
Lösungsrepräsentationen --- ref2 ref11 ref15 ref13
EA mit Pop-Lösungsarchiv --- ref13
Pop-Kodierung --- ref7 ref13
State of the Art --- ref5 ref2 ref4 ref6
Evolutionäre Algorithmen --- ref9 ref13 ref15
Lösungsarchive --- ref12 ref13 ref16 ref14
Inkrementelle Boundberechnung --- ref4
Algorithmus --- ref15 ref13
Bisherige Ansätze --- ref8 ref8 ref11 ref1 ref2 ref3 ref2 ref11 ref4 ref15 ref13 ref5
EA mit Gosh-Lösungsarchiv --- ref15
Vorgehensweise --- ref15 ref13
Beide Archive --- ref13";"Bisherige Ansätze --- ref14 ref14
State of the Art --- ref11 ref2 ref10 ref12
Inkrementelle Boundberechnung --- ref10
Rekombination --- ref20
Generalized Minimum Spanning Tree-Problem --- ref10
Evolutionäre Algorithmen --- ref15 ref20 ref22
Lösungsarchive --- ref19 ref20
Beide Archive --- ref20
Pop-Kodierung --- ref13 ref20
Lösungsrepräsentationen --- ref2 ref18 ref22 ref20";"0,00";"0,00";"0,00"
"TUW-200748";"=HYPERLINK(""D:\Java\git\MethodDemosGit\MethodDemos\output\groundtruth\TUW-200748.pdf"")";"=HYPERLINK(""D:\Java\git\MethodDemosGit\MethodDemos\output\result\result-TUW-200748-xstream.xml"")";"=HYPERLINK(""D:\Java\git\MethodDemosGit\MethodDemos\output\extracted\grobid\grobid-TUW-200748-xstream.xml"")";"The Multilevel Refinement heuristic --- ref5 ref6 ref7
Preprocessing --- ref8 ref9
100 node instances --- ref1 ref1 ref1
Construction heuristics --- ref4 ref10 ref11 ref12 ref13
Heuristic algorithm --- ref37
Implementation --- ref39 ref8 ref9 ref4
Comparison to other heuristics --- ref19 ref24 ref19
Problem formulation and definitions --- ref4
Other related work --- ref31 ref32 ref33
The Key Path Improvement heuristic --- ref36
Automatic parameters --- ref41
Exact algorithm --- ref36 ref37
The Rooted Delay-Constrained Steiner Tree Problem --- ref1 ref2 ref3 ref4
Benchmarks and comparison --- ref40
Evaluating parameters --- ref4
Exact algorithms --- ref20 ref21 ref22 ref23 ref24 ref25 ref26
Asymptotic runtime --- ref37 ref38
Multilevel Refinement heuristic --- ref5 ref6 ref27 ref28 ref29 ref30
Refinement phase --- ref34 ref35
Improvement and meta-heuristics --- ref14 ref15 ref16 ref17 ref18 ref19";"The Multilevel Refinement heuristic --- ref5 ref6 ref7
Preprocessing --- ref8 ref9
Construction heuristics --- ref4 ref10 ref11 ref12 ref13
Heuristic algorithm --- ref37
Problem formulation and definitions --- ref4
Other related work --- ref31 ref32 ref33
The Key Path Improvement heuristic --- ref36
Automatic parameters --- ref41
Exact algorithm --- ref36 ref37
CHAPTER 5 --- ref40
Comparison to other heuristics --- ref19 ref24
Exact algorithms --- ref20 ref21 ref22 ref23 ref24 ref25 ref26
Asymptotic runtime --- ref37 ref38
Multilevel Refinement heuristic --- ref5 ref6 ref27 ref28 ref29 ref30
Refinement phase --- ref34 ref35
CHAPTER 4 --- ref39 ref8 ref9 ref4
Improvement and meta-heuristics --- ref14 ref15 ref16 ref17 ref18 ref19";"88,24";"75,00";"81,08"
"TUW-200948";"=HYPERLINK(""D:\Java\git\MethodDemosGit\MethodDemos\output\groundtruth\TUW-200948.pdf"")";"=HYPERLINK(""D:\Java\git\MethodDemosGit\MethodDemos\output\result\result-TUW-200948-xstream.xml"")";"=HYPERLINK(""D:\Java\git\MethodDemosGit\MethodDemos\output\extracted\grobid\grobid-TUW-200948-xstream.xml"")";"Max Lin-2 --- ref12 ref15 ref4 ref12 ref12 ref6
Introduction --- ref7 ref8 ref16 ref15 ref10 ref11 ref13 ref14 ref15 ref7 ref15 ref15 ref15
Probabilistic Inequalities --- ref17 ref2 ref12 ref5
Linear Ordering --- ref3 ref15
Discussions --- ref1 ref1 ref9 ref16";"";"none extracted value";"0,00";"0,00"
"TUW-200950";"=HYPERLINK(""D:\Java\git\MethodDemosGit\MethodDemos\output\groundtruth\TUW-200950.pdf"")";"=HYPERLINK(""D:\Java\git\MethodDemosGit\MethodDemos\output\result\result-TUW-200950-xstream.xml"")";"=HYPERLINK(""D:\Java\git\MethodDemosGit\MethodDemos\output\extracted\grobid\grobid-TUW-200950-xstream.xml"")";"Introduction --- ref21 ref16 ref1 ref23 ref14 ref8 ref19 ref16 ref13 ref13 ref13 ref21
Discussion and Open Problems --- ref17
LIST CHROMATIC NUMBER Parameterized by Treewidth is FPT --- ref22 ref9 ref20 ref7 ref2 ref5 ref4 ref6 ref11
Some Background on Parameterized Complexity --- ref8 ref10 ref19
EQUITABLE COLORING is W [1]-Hard Parameterized by Treewidth --- ref18 ref3 ref15
LIST COLORING and PRECOLORING EXTENSION are W [1]-Hard, Parameterized by Treewidth --- ref12";"";"none extracted value";"0,00";"0,00"
"TUW-200959";"=HYPERLINK(""D:\Java\git\MethodDemosGit\MethodDemos\output\groundtruth\TUW-200959.pdf"")";"=HYPERLINK(""D:\Java\git\MethodDemosGit\MethodDemos\output\result\result-TUW-200959-xstream.xml"")";"=HYPERLINK(""D:\Java\git\MethodDemosGit\MethodDemos\output\extracted\grobid\grobid-TUW-200959-xstream.xml"")";"Graph Grundy Numbering and Kernel --- ref26 ref26 ref26 ref26
Minimum Equivalent Subgraph --- ref15 ref22 ref22
Introduction --- ref9 ref8 ref12 ref10 ref20 ref20 ref7 ref10 ref4 ref13 ref14 ref21 ref27 ref2 ref24 ref17 ref4 ref6 ref25 ref16 ref24 ref17 ref23 ref5 ref16 ref15
Feedback Vertex Set / Feedback Arc Set --- ref19 ref3
Preliminaries --- ref11
Limits of Algorithmic Applications --- ref17 ref5 ref16
Cops and robber games --- ref12 ref10 ref7 ref18 ref1 ref17 ref17 ref4 ref5 ref16";"Cops and robber games --- ref12 ref10 ref7 ref18 ref1 ref17 ref17 ref4
reachability, visible and dynamic: --- ref5 ref16
Feedback Vertex Set / Feedback Arc Set --- ref19 ref3
Preliminaries --- ref11
for every --- ref26 ref26 ref26 ref26
Limits of Algorithmic Applications --- ref17 ref5 ref16
Definition 4.1. Let D be a digraph and k ? N. MES is the problem to decide, if there is a set E ? ? E(D) with |E ? | ? k, such that the digraph D ? = (V (D), E ? ) contains a path between two vertices if, and only if, such a path exists in D, i.e. D and D ? have the same transitive closure. --- ref15 ref22";"57,14";"57,14";"57,14"
"TUW-201066";"=HYPERLINK(""D:\Java\git\MethodDemosGit\MethodDemos\output\groundtruth\TUW-201066.pdf"")";"=HYPERLINK(""D:\Java\git\MethodDemosGit\MethodDemos\output\result\result-TUW-201066-xstream.xml"")";"=HYPERLINK(""D:\Java\git\MethodDemosGit\MethodDemos\output\extracted\grobid\grobid-TUW-201066-xstream.xml"")";"Preliminary Results --- ref2 ref2
Introduction --- ref3 ref1 ref3 ref2 ref4";"";"none extracted value";"0,00";"0,00"
"TUW-201160";"=HYPERLINK(""D:\Java\git\MethodDemosGit\MethodDemos\output\groundtruth\TUW-201160.pdf"")";"=HYPERLINK(""D:\Java\git\MethodDemosGit\MethodDemos\output\result\result-TUW-201160-xstream.xml"")";"=HYPERLINK(""D:\Java\git\MethodDemosGit\MethodDemos\output\extracted\grobid\grobid-TUW-201160-xstream.xml"")";"General Variable Neighborhood Search --- ref4 ref5 ref1 ref6 ref1 ref1
Greedy Randomized Adaptive Search Procedure --- ref7
Introduction --- ref1 ref2 ref1
Preliminary Results --- ref1 ref2 ref2 ref2
Greedy Solution Construction --- ref3";"";"none extracted value";"0,00";"0,00"
"TUW-201167";"=HYPERLINK(""D:\Java\git\MethodDemosGit\MethodDemos\output\groundtruth\TUW-201167.pdf"")";"=HYPERLINK(""D:\Java\git\MethodDemosGit\MethodDemos\output\result\result-TUW-201167-xstream.xml"")";"=HYPERLINK(""D:\Java\git\MethodDemosGit\MethodDemos\output\extracted\grobid\grobid-TUW-201167-xstream.xml"")";"The Solution Archive --- ref3 ref2
Introduction --- ref1 ref6 ref4 ref5";"";"none extracted value";"0,00";"0,00"
"TUW-201821";"=HYPERLINK(""D:\Java\git\MethodDemosGit\MethodDemos\output\groundtruth\TUW-201821.pdf"")";"=HYPERLINK(""D:\Java\git\MethodDemosGit\MethodDemos\output\result\result-TUW-201821-xstream.xml"")";"=HYPERLINK(""D:\Java\git\MethodDemosGit\MethodDemos\output\extracted\grobid\grobid-TUW-201821-xstream.xml"")";"Related Work --- ref19 ref16 ref17 ref22 ref9 ref21 ref7 ref5 ref4 ref24 ref10 ref6 ref3
Contributions: Methods of Inconsistency Management --- ref13 ref13 ref8 ref23 ref1
MCS Preliminaries --- ref12 ref20 ref2
Introduction --- ref15 ref12
Future Work --- ref14 ref11 ref18";"";"none extracted value";"0,00";"0,00"
"TUW-202034";"=HYPERLINK(""D:\Java\git\MethodDemosGit\MethodDemos\output\groundtruth\TUW-202034.pdf"")";"=HYPERLINK(""D:\Java\git\MethodDemosGit\MethodDemos\output\result\result-TUW-202034-xstream.xml"")";"=HYPERLINK(""D:\Java\git\MethodDemosGit\MethodDemos\output\extracted\grobid\grobid-TUW-202034-xstream.xml"")";"Floyd Algorithm --- ref19 ref7 ref10 ref2 ref2 ref2 ref2
Multilevel Heuristics --- ref20
Hierarchical Network Topologies --- ref18
Instance Constraints --- ref3
Survivable Networks with Bounded Rings --- ref8
Kernighan-Lin Clustering --- ref11
Aspects of Network Design --- ref12
2-Opt Heuristic --- ref16
Multi-level Network Design Problem --- ref1
K-means Clustering --- ref17
Example --- ref6
Hierarchical Network Design Problem --- ref5
Girvan-Newman Clustering --- ref6 ref9 ref4
About the Complexity --- ref14 ref13
Ring-chain Dual Homing --- ref15
Summary and FutureWork --- ref21";"Floyd Algorithm --- ref19 ref7 ref10 ref2 ref2 ref2
Multilevel Heuristics --- ref20
Hierarchical Network Topologies --- ref18
Related Work --- ref5
Instance Constraints --- ref3
Survivable Networks with Bounded Rings --- ref8
Kernighan-Lin Clustering --- ref11
Aspects of Network Design --- ref12
2-Opt Heuristic --- ref16
Multi-level Network Design Problem --- ref1
K-means Clustering --- ref17
Example --- ref6
Girvan-Newman Clustering --- ref6 ref9 ref4
About the Complexity --- ref14 ref13
CHAPTER 6 --- ref21
Ring-chain Dual Homing --- ref15";"87,50";"87,50";"87,50"
"TUW-202824";"=HYPERLINK(""D:\Java\git\MethodDemosGit\MethodDemos\output\groundtruth\TUW-202824.pdf"")";"=HYPERLINK(""D:\Java\git\MethodDemosGit\MethodDemos\output\result\result-TUW-202824-xstream.xml"")";"=HYPERLINK(""D:\Java\git\MethodDemosGit\MethodDemos\output\extracted\grobid\grobid-TUW-202824-xstream.xml"")";"";"";"none extracted value";"none expected";"NA"
"TUW-203409";"=HYPERLINK(""D:\Java\git\MethodDemosGit\MethodDemos\output\groundtruth\TUW-203409.pdf"")";"=HYPERLINK(""D:\Java\git\MethodDemosGit\MethodDemos\output\result\result-TUW-203409-xstream.xml"")";"=HYPERLINK(""D:\Java\git\MethodDemosGit\MethodDemos\output\extracted\grobid\grobid-TUW-203409-xstream.xml"")";"";"";"none extracted value";"none expected";"NA"
"TUW-203924";"=HYPERLINK(""D:\Java\git\MethodDemosGit\MethodDemos\output\groundtruth\TUW-203924.pdf"")";"=HYPERLINK(""D:\Java\git\MethodDemosGit\MethodDemos\output\result\result-TUW-203924-xstream.xml"")";"=HYPERLINK(""D:\Java\git\MethodDemosGit\MethodDemos\output\extracted\grobid\grobid-TUW-203924-xstream.xml"")";"Data sources --- ref3 ref4 ref5 ref6 ref7 ref8 ref9 ref10 ref11 ref12 ref13
Creating decision support systems --- ref18 ref19 ref20 ref21 ref22
Enabling data integration and semantic interoperability --- ref14 ref15 ref16 ref17
Introduction --- ref1 ref2 ref4 ref5";"";"none extracted value";"0,00";"0,00"
"TUW-204724";"=HYPERLINK(""D:\Java\git\MethodDemosGit\MethodDemos\output\groundtruth\TUW-204724.pdf"")";"=HYPERLINK(""D:\Java\git\MethodDemosGit\MethodDemos\output\result\result-TUW-204724-xstream.xml"")";"=HYPERLINK(""D:\Java\git\MethodDemosGit\MethodDemos\output\extracted\grobid\grobid-TUW-204724-xstream.xml"")";"Author's method for planning and selection of strategic knowledge resources in SME --- ref8 ref9 ref10 ref11 ref12
Introduction --- ref1 ref2 ref3 ref4 ref5 ref6 ref7";"";"none extracted value";"0,00";"0,00"
"TUW-205557";"=HYPERLINK(""D:\Java\git\MethodDemosGit\MethodDemos\output\groundtruth\TUW-205557.pdf"")";"=HYPERLINK(""D:\Java\git\MethodDemosGit\MethodDemos\output\result\result-TUW-205557-xstream.xml"")";"=HYPERLINK(""D:\Java\git\MethodDemosGit\MethodDemos\output\extracted\grobid\grobid-TUW-205557-xstream.xml"")";"";"";"none extracted value";"none expected";"NA"
"TUW-205933";"=HYPERLINK(""D:\Java\git\MethodDemosGit\MethodDemos\output\groundtruth\TUW-205933.pdf"")";"=HYPERLINK(""D:\Java\git\MethodDemosGit\MethodDemos\output\result\result-TUW-205933-xstream.xml"")";"=HYPERLINK(""D:\Java\git\MethodDemosGit\MethodDemos\output\extracted\grobid\grobid-TUW-205933-xstream.xml"")";"Information definition --- ref4 ref3 ref7
Information as sign production --- ref10 ref11
Information as negentropic factor --- ref9 ref8 ref2
Information as a difference that makes a difference --- ref1 ref12 ref12 ref12 ref5
Introduction --- ref6";"";"none extracted value";"0,00";"0,00"
"TUW-213513";"=HYPERLINK(""D:\Java\git\MethodDemosGit\MethodDemos\output\groundtruth\TUW-213513.pdf"")";"=HYPERLINK(""D:\Java\git\MethodDemosGit\MethodDemos\output\result\result-TUW-213513-xstream.xml"")";"=HYPERLINK(""D:\Java\git\MethodDemosGit\MethodDemos\output\extracted\grobid\grobid-TUW-213513-xstream.xml"")";"Introduction --- ref2
Grammar-based Fuzzing of Model Evolution Scenarios --- ref1 ref2 ref2 ref2";"";"none extracted value";"0,00";"0,00"
"TUW-216744";"=HYPERLINK(""D:\Java\git\MethodDemosGit\MethodDemos\output\groundtruth\TUW-216744.pdf"")";"=HYPERLINK(""D:\Java\git\MethodDemosGit\MethodDemos\output\result\result-TUW-216744-xstream.xml"")";"=HYPERLINK(""D:\Java\git\MethodDemosGit\MethodDemos\output\extracted\grobid\grobid-TUW-216744-xstream.xml"")";"Background --- ref1 ref2 ref3 ref4 ref5 ref6 ref7 ref1 ref6 ref8 ref9 ref10 ref3 ref11 ref12 ref13 ref14 ref15 ref16 ref14 ref13 ref17
The Khresmoi approach --- ref18";"";"none extracted value";"0,00";"0,00"
"TUW-217690";"=HYPERLINK(""D:\Java\git\MethodDemosGit\MethodDemos\output\groundtruth\TUW-217690.pdf"")";"=HYPERLINK(""D:\Java\git\MethodDemosGit\MethodDemos\output\result\result-TUW-217690-xstream.xml"")";"=HYPERLINK(""D:\Java\git\MethodDemosGit\MethodDemos\output\extracted\grobid\grobid-TUW-217690-xstream.xml"")";"INTRODUCTION --- ref1
SYSTEM & WORKFLOW --- ref2";"";"none extracted value";"0,00";"0,00"
"TUW-217971";"=HYPERLINK(""D:\Java\git\MethodDemosGit\MethodDemos\output\groundtruth\TUW-217971.pdf"")";"=HYPERLINK(""D:\Java\git\MethodDemosGit\MethodDemos\output\result\result-TUW-217971-xstream.xml"")";"=HYPERLINK(""D:\Java\git\MethodDemosGit\MethodDemos\output\extracted\grobid\grobid-TUW-217971-xstream.xml"")";"Next Working Steps --- ref10
Research Problems and State of the Art --- ref1
The Structure of Time --- ref5 ref2
WORK PERFORMED SO FAR --- ref4 ref8 ref6
The Visualization Process --- ref3
Interactive Visualization --- ref9 ref7";"";"none extracted value";"0,00";"0,00"
"TUW-221215";"=HYPERLINK(""D:\Java\git\MethodDemosGit\MethodDemos\output\groundtruth\TUW-221215.pdf"")";"=HYPERLINK(""D:\Java\git\MethodDemosGit\MethodDemos\output\result\result-TUW-221215-xstream.xml"")";"=HYPERLINK(""D:\Java\git\MethodDemosGit\MethodDemos\output\extracted\grobid\grobid-TUW-221215-xstream.xml"")";"Selective Graph Coloring Problem and Routing and Wavelength Assignment Problem --- ref39 ref28 ref29 ref22 ref34 ref23
Lower Bound: Linear Programming with Column Generation --- ref10
Metaheuristics --- ref38 ref11 ref25
Graph Coloring --- ref3 ref5 ref43 ref10 ref42 ref44 ref37 ref41 ref24
Applications --- ref39
Computational Results --- ref39 ref40
Upper Bound: Maximal Degree --- ref1
Formal Definition and Complexity --- ref3
Testing Environment --- ref39
Variable Neighborhood Search --- ref16
Preliminary Results --- ref34
Variable Neighborhood Descent --- ref21
Introduction --- ref10 ref39
Solution Archive --- ref45
Lower Bound: Maximal Clique --- ref42";"Selective Graph Coloring Problem and Routing and Wavelength Assignment Problem --- ref39 ref28 ref29 ref22 ref34 ref23
Lower Bound: Linear Programming with Column Generation --- ref10
Metaheuristics --- ref38 ref11 ref25
Applications --- ref39
Computational Results --- ref39 ref40
Formal Definition and Complexity --- ref3
Testing Environment --- ref39
Variable Neighborhood Search --- ref16
Variable Neighborhood Descent --- ref21
Graph Coloring --- ref3 ref5 ref43 ref10 ref42 ref44 ref37 ref24
CHAPTER 5. COMPUTATIONAL RESULTS --- ref34
Solution Archive --- ref45
Lower Bound: Maximal Clique --- ref42";"92,31";"80,00";"85,71"
"TUW-223906";"=HYPERLINK(""D:\Java\git\MethodDemosGit\MethodDemos\output\groundtruth\TUW-223906.pdf"")";"=HYPERLINK(""D:\Java\git\MethodDemosGit\MethodDemos\output\result\result-TUW-223906-xstream.xml"")";"=HYPERLINK(""D:\Java\git\MethodDemosGit\MethodDemos\output\extracted\grobid\grobid-TUW-223906-xstream.xml"")";"EXPERIMENTS AND RESULTS --- ref2 ref1 ref3
INTRODUCTION --- ref4
RELATED WORK --- ref1 ref3 ref1 ref3 ref5";"";"none extracted value";"0,00";"0,00"
"TUW-223973";"=HYPERLINK(""D:\Java\git\MethodDemosGit\MethodDemos\output\groundtruth\TUW-223973.pdf"")";"=HYPERLINK(""D:\Java\git\MethodDemosGit\MethodDemos\output\result\result-TUW-223973-xstream.xml"")";"=HYPERLINK(""D:\Java\git\MethodDemosGit\MethodDemos\output\extracted\grobid\grobid-TUW-223973-xstream.xml"")";"Knowledge Sources and Tools --- ref11 ref4 ref3 ref2
Introduction --- ref6 ref15 ref7 ref21 ref22 ref19
Background and Related Work --- ref14 ref18 ref5 ref23 ref1 ref2 ref8 ref9 ref10
Manual Development of the General Linguistic Pattern Set --- ref17 ref21
Conclusions and Further Work --- ref13 ref20
Calculation of the Relevance Rate --- ref12
Evaluation --- ref16 ref21";"";"none extracted value";"0,00";"0,00"
"TUW-225252";"=HYPERLINK(""D:\Java\git\MethodDemosGit\MethodDemos\output\groundtruth\TUW-225252.pdf"")";"=HYPERLINK(""D:\Java\git\MethodDemosGit\MethodDemos\output\result\result-TUW-225252-xstream.xml"")";"=HYPERLINK(""D:\Java\git\MethodDemosGit\MethodDemos\output\extracted\grobid\grobid-TUW-225252-xstream.xml"")";"A Genetic Algorithm with Solution Archive --- ref5
Introduction --- ref2 ref3 ref5 ref6 ref5 ref4 ref1";"";"none extracted value";"0,00";"0,00"
"TUW-226000";"=HYPERLINK(""D:\Java\git\MethodDemosGit\MethodDemos\output\groundtruth\TUW-226000.pdf"")";"=HYPERLINK(""D:\Java\git\MethodDemosGit\MethodDemos\output\result\result-TUW-226000-xstream.xml"")";"=HYPERLINK(""D:\Java\git\MethodDemosGit\MethodDemos\output\extracted\grobid\grobid-TUW-226000-xstream.xml"")";"Introduction --- ref1
Overview User Interface Description Languages --- ref2 ref3 ref4 ref5 ref6 ref7 ref8 ref9 ref10 ref11 ref12 ref13 ref14";"";"none extracted value";"0,00";"0,00"
"TUW-226016";"=HYPERLINK(""D:\Java\git\MethodDemosGit\MethodDemos\output\groundtruth\TUW-226016.pdf"")";"=HYPERLINK(""D:\Java\git\MethodDemosGit\MethodDemos\output\result\result-TUW-226016-xstream.xml"")";"=HYPERLINK(""D:\Java\git\MethodDemosGit\MethodDemos\output\extracted\grobid\grobid-TUW-226016-xstream.xml"")";"Lingva --- ref6 ref9 ref23 ref17
GinPink --- ref15
Experiments with Gin-Pink and Cpp-Inv --- ref25 ref21 ref25 ref15 ref21 ref21 ref21 ref25 ref25 ref18 ref21 ref21
Boogie --- ref4 ref5
SAT solvers --- ref14 ref16 ref26 ref10 ref24 ref27 ref22 ref11 ref2 ref12 ref8 ref1 ref19 ref20
Introduction --- ref3 ref19 ref21 ref15 ref19
CppInv --- ref21
Propositional logic --- ref13 ref7";"";"none extracted value";"0,00";"0,00"
"TUW-228620";"=HYPERLINK(""D:\Java\git\MethodDemosGit\MethodDemos\output\groundtruth\TUW-228620.pdf"")";"=HYPERLINK(""D:\Java\git\MethodDemosGit\MethodDemos\output\result\result-TUW-228620-xstream.xml"")";"=HYPERLINK(""D:\Java\git\MethodDemosGit\MethodDemos\output\extracted\grobid\grobid-TUW-228620-xstream.xml"")";"Information exchange and intermediaries --- ref4 ref33 ref10 ref29 ref3 ref18 ref6 ref43 ref12 ref11 ref7 ref12
TET and dependencies --- ref27 ref35 ref17 ref20 ref30 ref36 ref39 ref2 ref8 ref45
Security models and their enforcement --- ref38 ref37 ref31 ref23 ref14 ref42 ref16
Business networking and resilience --- ref1 ref40 ref26 ref16 ref32 ref15 ref34 ref41
Resilience as an approach for IT security and privacy --- ref24 ref22 ref19
PET and dependencies --- ref21 ref5 ref25 ref9 ref44 ref13 ref28";"";"none extracted value";"0,00";"0,00"
"TUW-231707";"=HYPERLINK(""D:\Java\git\MethodDemosGit\MethodDemos\output\groundtruth\TUW-231707.pdf"")";"=HYPERLINK(""D:\Java\git\MethodDemosGit\MethodDemos\output\result\result-TUW-231707-xstream.xml"")";"=HYPERLINK(""D:\Java\git\MethodDemosGit\MethodDemos\output\extracted\grobid\grobid-TUW-231707-xstream.xml"")";"THE VRVis RESEARCH CENTER --- ref1";"";"none extracted value";"0,00";"0,00"
"TUW-233317";"=HYPERLINK(""D:\Java\git\MethodDemosGit\MethodDemos\output\groundtruth\TUW-233317.pdf"")";"=HYPERLINK(""D:\Java\git\MethodDemosGit\MethodDemos\output\result\result-TUW-233317-xstream.xml"")";"=HYPERLINK(""D:\Java\git\MethodDemosGit\MethodDemos\output\extracted\grobid\grobid-TUW-233317-xstream.xml"")";"INTRODUCTION --- ref7 ref7
Provenance from Data Quality Control --- ref3 ref14 ref5 ref8 ref11 ref9 ref6 ref12
Sensemaking based on Data Quality Provenance --- ref1 ref5 ref13 ref10 ref1 ref4 ref6
CHALLENGES --- ref11 ref10 ref1 ref13 ref5 ref2";"";"none extracted value";"0,00";"0,00"
"TUW-233657";"=HYPERLINK(""D:\Java\git\MethodDemosGit\MethodDemos\output\groundtruth\TUW-233657.pdf"")";"=HYPERLINK(""D:\Java\git\MethodDemosGit\MethodDemos\output\result\result-TUW-233657-xstream.xml"")";"=HYPERLINK(""D:\Java\git\MethodDemosGit\MethodDemos\output\extracted\grobid\grobid-TUW-233657-xstream.xml"")";"RELATED WORK --- ref13 ref10 ref13 ref7 ref13 ref7 ref13 ref8 ref11 ref9 ref2 ref12 ref6 ref4 ref3 ref5 ref5
INTRODUCTION --- ref13 ref10 ref10 ref13 ref7
REQUIREMENTS --- ref7 ref1 ref13";"";"none extracted value";"0,00";"0,00"
"TUW-236063";"=HYPERLINK(""D:\Java\git\MethodDemosGit\MethodDemos\output\groundtruth\TUW-236063.pdf"")";"=HYPERLINK(""D:\Java\git\MethodDemosGit\MethodDemos\output\result\result-TUW-236063-xstream.xml"")";"=HYPERLINK(""D:\Java\git\MethodDemosGit\MethodDemos\output\extracted\grobid\grobid-TUW-236063-xstream.xml"")";"SENSEMAKING AND COGNITIVE BIAS MITIGATION --- ref1 ref2 ref3";"";"none extracted value";"0,00";"0,00"
"TUW-236120";"=HYPERLINK(""D:\Java\git\MethodDemosGit\MethodDemos\output\groundtruth\TUW-236120.pdf"")";"=HYPERLINK(""D:\Java\git\MethodDemosGit\MethodDemos\output\result\result-TUW-236120-xstream.xml"")";"=HYPERLINK(""D:\Java\git\MethodDemosGit\MethodDemos\output\extracted\grobid\grobid-TUW-236120-xstream.xml"")";"HTL (Technical High Schools) --- ref15 ref16 ref17 ref18 ref2 ref14
Evaluation --- ref9
Competence model --- ref12 ref13 ref7 ref14
Teaching Competencies --- ref8 ref9 ref10 ref11 ref11
Introduction --- ref1
Descriptors --- ref13 ref13 ref13
Discussion --- ref14 ref13 ref13 ref14 ref13 ref14 ref14 ref13 ref14 ref19
Competence Orientation at Vocational Schools for IT --- ref2 ref3 ref4 ref5 ref6 ref7
Case study at HTL Krems --- ref6";"";"none extracted value";"0,00";"0,00"
"TUW-237297";"=HYPERLINK(""D:\Java\git\MethodDemosGit\MethodDemos\output\groundtruth\TUW-237297.pdf"")";"=HYPERLINK(""D:\Java\git\MethodDemosGit\MethodDemos\output\result\result-TUW-237297-xstream.xml"")";"=HYPERLINK(""D:\Java\git\MethodDemosGit\MethodDemos\output\extracted\grobid\grobid-TUW-237297-xstream.xml"")";"THE SETTING --- ref7 ref7
RESULTS --- ref2
INTRODUCTION --- ref6 ref6 ref8 ref4 ref1 ref3 ref6 ref5";"";"none extracted value";"0,00";"0,00"
"TUW-240858";"=HYPERLINK(""D:\Java\git\MethodDemosGit\MethodDemos\output\groundtruth\TUW-240858.pdf"")";"=HYPERLINK(""D:\Java\git\MethodDemosGit\MethodDemos\output\result\result-TUW-240858-xstream.xml"")";"=HYPERLINK(""D:\Java\git\MethodDemosGit\MethodDemos\output\extracted\grobid\grobid-TUW-240858-xstream.xml"")";"Introduction --- ref4 ref8 ref10 ref12 ref13 ref9 ref6 ref4 ref12 ref6 ref2 ref1
The Complexity of Chase Termination --- ref2 ref3
Linearity --- ref5 ref11 ref5 ref11
The Chase Termination Problem --- ref2 ref7 ref12 ref7";"";"none extracted value";"0,00";"0,00"
"TUW-245336";"=HYPERLINK(""D:\Java\git\MethodDemosGit\MethodDemos\output\groundtruth\TUW-245336.pdf"")";"=HYPERLINK(""D:\Java\git\MethodDemosGit\MethodDemos\output\result\result-TUW-245336-xstream.xml"")";"=HYPERLINK(""D:\Java\git\MethodDemosGit\MethodDemos\output\extracted\grobid\grobid-TUW-245336-xstream.xml"")";"Introduction --- ref21 ref6 ref13 ref13 ref13
Responsible sustainability: food waste --- ref14 ref10 ref11 ref10
Responsible care: ambient assisted living/telecare systems --- ref5 ref15 ref7 ref22 ref18 ref1 ref4 ref20 ref8 ref2 ref3 ref19 ref16 ref20 ref17 ref23 ref9";"";"none extracted value";"0,00";"0,00"
"TUW-245799";"=HYPERLINK(""D:\Java\git\MethodDemosGit\MethodDemos\output\groundtruth\TUW-245799.pdf"")";"=HYPERLINK(""D:\Java\git\MethodDemosGit\MethodDemos\output\result\result-TUW-245799-xstream.xml"")";"=HYPERLINK(""D:\Java\git\MethodDemosGit\MethodDemos\output\extracted\grobid\grobid-TUW-245799-xstream.xml"")";"The Expert System to Diagnose the CTC Installations using the Model Based Diagnosis Method --- ref4 ref5 ref6 ref7
Principles of the Model Based Diagnosis --- ref1 ref2 ref2
Introduction --- ref1
Definition 1: System description --- ref3";"= --- ref2
The Expert System to Diagnose the CTC Installations using the Model Based Diagnosis Method --- ref6 ref7
Figure 1. Subsystems interconnection block scheme --- ref1
Principles of the Model Based Diagnosis --- ref1 ref2
Definition 1: System description --- ref3";"60,00";"75,00";"66,67"
"TUW-247301";"=HYPERLINK(""D:\Java\git\MethodDemosGit\MethodDemos\output\groundtruth\TUW-247301.pdf"")";"=HYPERLINK(""D:\Java\git\MethodDemosGit\MethodDemos\output\result\result-TUW-247301-xstream.xml"")";"=HYPERLINK(""D:\Java\git\MethodDemosGit\MethodDemos\output\extracted\grobid\grobid-TUW-247301-xstream.xml"")";"Introduction --- ref7 ref7 ref5 ref6 ref3 ref1 ref1 ref3 ref2 ref4
Proof Generator --- ref1";"";"none extracted value";"0,00";"0,00"
"TUW-247741";"=HYPERLINK(""D:\Java\git\MethodDemosGit\MethodDemos\output\groundtruth\TUW-247741.pdf"")";"=HYPERLINK(""D:\Java\git\MethodDemosGit\MethodDemos\output\result\result-TUW-247741-xstream.xml"")";"=HYPERLINK(""D:\Java\git\MethodDemosGit\MethodDemos\output\extracted\grobid\grobid-TUW-247741-xstream.xml"")";"Conclusion and future work --- ref20
Problem definition and notations: --- ref4 ref6 ref11 ref2 ref3 ref8 ref7
The need to understand metrics: --- ref1 ref2 ref3 ref4 ref5 ref6 ref2 ref7 ref8 ref9 ref10
Constructing partitions and rank structure: --- ref18 ref19
Related Work --- ref12 ref13 ref14 ref15 ref11 ref2 ref16 ref17 ref15";"";"none extracted value";"0,00";"0,00"
"TUW-247743";"=HYPERLINK(""D:\Java\git\MethodDemosGit\MethodDemos\output\groundtruth\TUW-247743.pdf"")";"=HYPERLINK(""D:\Java\git\MethodDemosGit\MethodDemos\output\result\result-TUW-247743-xstream.xml"")";"=HYPERLINK(""D:\Java\git\MethodDemosGit\MethodDemos\output\extracted\grobid\grobid-TUW-247743-xstream.xml"")";"Histograms Visualizing of the SOM --- ref20 ref11 ref20 ref11 ref11
Clustering and classication --- ref1
Graph-based class visualization --- ref3 ref6 ref3
The sweepline algorithm --- ref5 ref5
The randomized-incremental algorithm (Bowyer-Watson algorithm) --- ref5
Projection --- ref21
Text data --- ref14
U-Matrix, P-Matrix and U*-Matrix --- ref16 ref18 ref17 ref18 ref18
Summary --- ref3
Pie-chart class visualization --- ref12
Vector field visualization --- ref10 ref10 ref10
Voronoi diagrams and Delaunay triangulations --- ref6 ref6 ref2 ref4 ref5 ref6
Audio data --- ref9 ref9 ref9 ref9
Introduction --- ref7 ref1 ref20 ref8 ref7
Sammon's Mapping --- ref13 ref21
Visualization of SOM with Unlabeled data --- ref12 ref10
Distance Function --- ref15 ref15
SOM Toolbox --- ref12
Hierarchical algorithms --- ref19
Self organizing map --- ref8";"";"none extracted value";"0,00";"0,00"
"TUW-251544";"=HYPERLINK(""D:\Java\git\MethodDemosGit\MethodDemos\output\groundtruth\TUW-251544.pdf"")";"=HYPERLINK(""D:\Java\git\MethodDemosGit\MethodDemos\output\result\result-TUW-251544-xstream.xml"")";"=HYPERLINK(""D:\Java\git\MethodDemosGit\MethodDemos\output\extracted\grobid\grobid-TUW-251544-xstream.xml"")";"Nachhaltigkeit --- ref11
Aufgaben aus dem Biber der Informatik Wettbewerb --- ref4
Aufgaben aus Computer Science Unplugged --- ref2 NOREFFOUND:[JG16a] NOREFFOUND:[JG16b] ref6 ref9 ref2 ref2
Die Welt der Geheimcodes --- ref3
Einleitung --- NOREFFOUND:[EK16]
Entstehungsgeschichte --- ref10
Die Umsetzung --- ref1";"";"none extracted value";"0,00";"0,00"
"TUW-252847";"=HYPERLINK(""D:\Java\git\MethodDemosGit\MethodDemos\output\groundtruth\TUW-252847.pdf"")";"=HYPERLINK(""D:\Java\git\MethodDemosGit\MethodDemos\output\result\result-TUW-252847-xstream.xml"")";"=HYPERLINK(""D:\Java\git\MethodDemosGit\MethodDemos\output\extracted\grobid\grobid-TUW-252847-xstream.xml"")";"INTRODUCTION --- ref1 ref2 ref3 ref8 ref9 ref10 ref4 ref5 ref6 ref7 ref11 ref14 ref13 ref12 ref15
DATASET --- ref14 ref14 ref16 ref17 ref18";"";"none extracted value";"0,00";"0,00"
"TUW-255712";"=HYPERLINK(""D:\Java\git\MethodDemosGit\MethodDemos\output\groundtruth\TUW-255712.pdf"")";"=HYPERLINK(""D:\Java\git\MethodDemosGit\MethodDemos\output\result\result-TUW-255712-xstream.xml"")";"=HYPERLINK(""D:\Java\git\MethodDemosGit\MethodDemos\output\extracted\grobid\grobid-TUW-255712-xstream.xml"")";" --- ref4 ref18 ref25 ref16 ref17 ref2 ref11 ref8 ref3 ref10 ref21 ref22 ref24 ref6 ref1 ref5 ref20 ref14 ref15 ref11 ref21 ref3 ref20 ref19 ref10 ref22 ref24 ref6 ref21 ref23 ref3 ref9 ref22 ref7 ref19 ref23 ref24 ref10 ref19 ref12 ref13";"";"none extracted value";"0,00";"0,00"
"TUW-256654";"=HYPERLINK(""D:\Java\git\MethodDemosGit\MethodDemos\output\groundtruth\TUW-256654.pdf"")";"=HYPERLINK(""D:\Java\git\MethodDemosGit\MethodDemos\output\result\result-TUW-256654-xstream.xml"")";"=HYPERLINK(""D:\Java\git\MethodDemosGit\MethodDemos\output\extracted\grobid\grobid-TUW-256654-xstream.xml"")";"Introduction --- ref2
Nested structures --- ref1";"";"none extracted value";"0,00";"0,00"
"TUW-257397";"=HYPERLINK(""D:\Java\git\MethodDemosGit\MethodDemos\output\groundtruth\TUW-257397.pdf"")";"=HYPERLINK(""D:\Java\git\MethodDemosGit\MethodDemos\output\result\result-TUW-257397-xstream.xml"")";"=HYPERLINK(""D:\Java\git\MethodDemosGit\MethodDemos\output\extracted\grobid\grobid-TUW-257397-xstream.xml"")";"EnvElektra --- ref21 ref18
Example --- ref1
Matching algorithm --- ref20
Background --- ref5 ref24 ref26 ref14 ref24 ref13 ref27
Context Sensors --- ref20 ref18
Evaluation --- ref6 ref7
Related Work --- ref23 ref8 ref9 ref28 ref16 ref22 ref1 ref12 ref24 ref19 ref17 ref2 ref25 ref10 ref11 ref15 ref29
Introduction --- ref1 ref12 ref27 ref21 ref5 ref3 ref4";"";"none extracted value";"0,00";"0,00"
"TUW-257870";"=HYPERLINK(""D:\Java\git\MethodDemosGit\MethodDemos\output\groundtruth\TUW-257870.pdf"")";"=HYPERLINK(""D:\Java\git\MethodDemosGit\MethodDemos\output\result\result-TUW-257870-xstream.xml"")";"=HYPERLINK(""D:\Java\git\MethodDemosGit\MethodDemos\output\extracted\grobid\grobid-TUW-257870-xstream.xml"")";"WHAT COULD BE DONE --- ref2 ref3
BACKGROUND INFORMATION --- ref1";"";"none extracted value";"0,00";"0,00"
